Rk,Player,Age,Team,Pos,G,GS,Int,Yds,IntTD,Lng,PD,FF,Fmb,FR,Yds,FRTD,Sk,Comb,Solo,Ast,TFL,QBHits,Sfty,Awards
1,Paulson Adebo,26,NYG,CB,3,3,0,0,0,0,3,0,0,0,0,0,0.0,27,23,4,0,0,0,
2,Azeez Al-Shaair,28,HOU,LB,3,3,0,0,0,0,1,1,0,0,0,0,0.0,25,15,10,0,0,0,
3,Jonathan Allen,30,MIN,DL,3,3,0,0,0,0,0,0,0,1,0,0,0.0,13,5,8,0,2,0,
4,Josh Allen,29,BUF,QB,3,3,0,0,0,0,0,0,1,1,-2,0,0.0,0,0,0,0,0,0,
5,Zach Allen,28,DEN,DL,3,3,0,0,0,0,0,0,0,0,0,0,1.0,8,2,6,1,10,0,
6,Will Anderson,24,HOU,DE,3,3,0,0,0,0,0,0,0,0,0,0,3.0,12,10,2,5,5,0,
7,Alex Anzalone,31,DET,LB,3,3,0,0,0,0,0,0,0,0,0,0,0.5,14,6,8,0,1,0,
8,Arik Armstead,32,JAX,DT,3,3,0,0,0,0,0,0,0,0,0,0,1.5,4,1,3,1,3,0,
9,Terrion Arnold,22,DET,CB,3,3,0,0,0,0,2,0,0,0,0,0,0.0,15,11,4,0,0,0,
10,Chidobe Awuzie,30,BAL,CB,3,3,0,0,0,0,0,0,0,0,0,0,0.0,14,7,7,0,0,0,
11,Joe Bachie,27,IND,LB,3,3,0,0,0,0,0,0,0,0,0,0,0.0,18,9,9,0,0,0,
12,Budda Baker,29,ARI,S,3,3,0,0,0,0,1,0,0,0,0,0,0.0,24,12,12,1,0,0,
13,Christian Barmore,26,NWE,DT,3,3,0,0,0,0,0,0,0,0,0,0,0.0,7,3,4,1,1,0,
14,AJ Barner,23,SEA,TE,3,3,0,0,0,0,0,0,0,0,0,0,0.0,1,1,0,0,0,0,
15,Derrick Barnes,26,DET,LB,3,3,0,0,0,0,0,0,0,0,0,0,1.0,19,10,9,1,1,0,
16,Cody Barton,29,TEN,LB,3,3,1,0,0,0,1,0,0,0,0,0,0.0,20,12,8,1,0,0,
17,Graham Barton,23,TAM,C,3,3,0,0,0,0,0,0,0,1,0,0,0.0,0,0,0,0,0,0,
18,Jessie Bates III,28,ATL,S,3,3,0,0,0,0,0,0,0,0,0,0,0.0,17,6,11,0,1,0,
19,Jordan Battle,25,CIN,S,3,3,2,6,0,4,2,0,0,0,0,0,0.0,23,11,12,0,0,0,
20,Zack Baun,29,PHI,LB,3,3,1,0,0,0,3,0,0,0,0,0,0.0,22,14,8,1,1,0,
21,Christian Benford,25,BUF,CB,3,3,0,0,0,0,0,0,0,0,0,0,0.0,15,10,5,1,0,0,
22,Keeanu Benton,24,PIT,DL,3,3,0,0,0,0,0,0,0,0,0,0,0.0,4,2,2,0,1,0,
23,Terrel Bernard,26,BUF,LB,3,3,1,24,0,24,1,0,0,1,0,0,0.0,14,9,5,2,1,0,
24,Cole Bishop,23,BUF,S,3,3,0,0,0,0,0,0,0,0,0,0,1.0,14,12,2,1,1,0,
25,Reed Blankenship,26,PHI,S,3,3,0,0,0,0,1,0,0,0,0,0,0.0,9,5,4,0,0,0,
26,Nick Bolton,25,KAN,LB,3,3,0,0,0,0,1,0,0,0,0,0,0.0,28,15,13,2,0,0,
27,Nik Bonitto,26,DEN,OLB,3,3,0,0,0,0,0,0,0,0,0,0,3.0,10,7,3,4,9,0,
28,Thomas Booker,26,LVR,DT,3,3,0,0,0,0,1,1,0,0,0,0,0.0,7,3,4,0,1,0,
29,Joey Bosa,30,BUF,DE,3,3,0,0,0,0,0,3,0,0,0,0,1.0,5,3,2,1,3,0,
30,Nick Bosa,28,SFO,DL,3,3,0,0,0,0,0,2,0,1,0,0,2.0,17,9,8,4,3,0,
31,Garrett Bradbury,30,NWE,C,3,3,0,0,0,0,0,0,1,0,-13,0,0.0,0,0,0,0,0,0,
32,Brian Branch,24,DET,DB,3,3,0,0,0,0,2,1,0,0,0,0,1.0,17,15,2,3,1,0,
33,Bryan Bresee,24,NOR,DT,3,3,0,0,0,0,1,0,0,0,0,0,0.0,6,1,5,0,2,0,
34,Jaquan Brisker,26,CHI,DB,3,3,0,0,0,0,1,0,0,0,0,0,0.0,17,13,4,0,0,0,
35,Jordyn Brooks,28,MIA,LB,3,3,0,0,0,0,0,0,0,0,0,0,1.0,26,13,13,2,1,0,
36,Chase Brown,25,CIN,RB,3,3,0,0,0,0,0,0,1,1,0,0,0.0,0,0,0,0,0,0,
37,Derrick Brown,27,CAR,DE,3,3,0,0,0,0,2,0,0,0,0,0,0.0,9,7,2,0,2,0,
38,Spencer Brown,27,BUF,T,3,3,0,0,0,0,0,0,0,1,0,0,0.0,0,0,0,0,0,0,
39,Baron Browning,26,ARI,OLB,3,3,1,4,0,4,1,0,0,0,0,0,1.0,7,3,4,2,3,0,
40,Coby Bryant,26,SEA,FS,3,3,1,28,0,28,3,0,0,0,0,0,0.0,15,11,4,0,0,0,
41,DeForest Buckner,31,IND,DT,3,3,0,0,0,0,0,0,0,0,0,0,0.0,14,9,5,2,1,0,
42,Calen Bullock,22,HOU,S,3,3,0,0,0,0,1,0,0,0,0,0,0.0,9,8,1,0,0,0,
43,Brian Burns,27,NYG,OLB,3,3,0,0,0,0,3,1,0,0,0,0,4.0,15,10,5,5,5,0,
44,Devin Bush Jr.,27,CLE,LB,3,3,0,0,0,0,3,1,0,0,0,0,1.0,22,11,11,2,2,0,
45,Adam Butler,31,LVR,DT,3,3,0,0,0,0,0,0,0,1,0,0,0.0,11,4,7,0,1,0,
46,Kevin Byard,32,CHI,DB,3,3,1,0,0,0,1,0,0,0,0,0,0.0,16,13,3,0,0,0,
47,Camryn Bynum,27,IND,S,3,3,2,14,0,14,3,0,0,0,0,0,0.0,11,7,4,0,0,0,
48,Calais Campbell,39,ARI,DL,3,3,0,0,0,0,0,0,0,0,0,0,2.0,11,8,3,2,5,0,
49,Jack Campbell,25,DET,LB,3,3,0,0,0,0,0,1,0,1,2,0,1.0,26,17,9,1,0,0,
50,Jihaad Campbell,21,PHI,LB,3,3,0,0,0,0,1,1,0,0,0,0,0.0,18,10,8,0,1,0,
51,Tyson Campbell,25,JAX,CB,3,3,0,0,0,0,5,1,0,0,0,0,0.0,18,14,4,1,0,0,
52,Will Campbell,21,NWE,OT,3,3,0,0,0,0,0,0,0,1,0,0,0.0,0,0,0,0,0,0,
53,Michael Carter II,26,NYJ,CB,3,3,0,0,0,0,2,0,0,0,0,0,0.0,11,9,2,1,0,0,
54,K'Lavon Chaisson,26,NWE,LB,3,3,0,0,0,0,0,0,0,0,0,0,1.5,7,3,4,2,4,0,
55,Ja'Marr Chase,25,CIN,WR,3,3,0,0,0,0,0,0,1,0,0,0,0.0,0,0,0,0,0,0,
56,Leo Chenal,25,KAN,LB,3,3,0,0,0,0,0,0,0,0,0,0,0.0,10,4,6,1,0,0,
57,Jeremy Chinn,27,LVR,S,3,3,0,0,0,0,1,0,0,0,0,0,0.0,15,13,2,1,0,0,
58,Bradley Chubb,29,MIA,LB,3,3,0,0,0,0,0,0,0,0,0,0,3.0,9,5,4,3,3,0,
59,Andre Cisco,25,NYJ,S,3,3,0,0,0,0,1,0,0,0,0,0,0.0,16,9,7,1,0,0,
60,Kenny Clark,30,DAL,DT,3,3,0,0,0,0,0,0,0,0,0,0,1.0,10,4,6,1,1,0,
61,Maliek Collins,30,CLE,DT,3,3,0,0,0,0,0,0,0,0,0,0,1.5,5,2,3,1,3,0,
62,Nico Collins,26,HOU,WR,3,3,0,0,0,0,0,0,1,0,0,0,0.0,0,0,0,0,0,0,
63,Tyler Conklin,30,LAC,TE,3,3,0,0,0,0,0,0,1,0,0,0,0.0,0,0,0,0,0,0,
64,Chamarri Conner,25,KAN,DB,3,3,0,0,0,0,0,1,0,0,0,0,0.0,24,11,13,0,1,0,
65,James Conner,30,ARI,RB,3,3,0,0,0,0,0,0,1,0,0,0,0.0,0,0,0,0,0,0,
66,Bryan Cook,26,KAN,S,3,3,0,0,0,0,2,0,0,0,0,0,0.0,9,6,3,0,0,0,
67,James Cook,26,BUF,RB,3,3,0,0,0,0,0,0,1,0,0,0,0.0,0,0,0,0,0,0,
68,Edgerrin Cooper,24,GNB,LB,3,3,0,0,0,0,1,0,0,0,0,0,0.5,26,17,9,0,2,0,
69,Jonathon Cooper,27,DEN,OLB,3,3,0,0,0,0,0,0,0,0,0,0,2.0,10,6,4,3,2,0,
70,Maxx Crosby,28,LVR,DE,3,3,0,0,0,0,1,0,0,0,0,0,2.0,14,6,8,4,4,0,
71,Nick Cross,24,IND,S,3,3,0,0,0,0,1,0,0,0,0,0,1.0,20,14,6,2,1,0,
72,Kamren Curl,26,LAR,S,3,3,0,0,0,0,0,0,0,0,0,0,1.0,26,19,7,2,0,0,
73,Sam Darnold,28,SEA,QB,3,3,0,0,0,0,0,0,1,0,0,0,0.0,0,0,0,0,0,0,
74,Lavonte David,35,TAM,LB,3,3,0,0,0,0,1,0,0,0,0,0,1.5,22,11,11,2,3,0,
75,Carlton Davis,28,NWE,CB,3,3,0,0,0,0,2,0,0,0,0,0,0.0,10,6,4,0,0,0,
76,Demario Davis,36,NOR,LB,3,3,0,0,0,0,0,0,0,1,0,0,0.0,31,13,18,3,0,0,
77,Jordan Davis,25,PHI,DT,3,3,0,0,0,0,3,0,0,0,0,0,1.0,16,10,6,2,1,0,
78,Kalia Davis,27,SFO,DL,3,3,0,0,0,0,0,0,0,0,0,0,0.0,5,2,3,1,0,0,
79,Akeem Davis-Gaither,28,ARI,LB,3,3,0,0,0,0,1,0,0,0,0,0,0.0,21,10,11,0,1,0,
80,Divine Deablo,27,ATL,LB,3,3,0,0,0,0,2,0,0,1,0,0,0.5,13,4,9,1,1,0,
81,Jamel Dean,29,TAM,CB,3,3,1,55,1,55,4,0,0,0,0,0,0.0,10,10,0,0,0,0,
82,Cooper DeJean,22,PHI,DB,3,3,0,0,0,0,1,0,0,0,0,0,0.0,22,14,8,1,0,0,
83,Grant Delpit,27,CLE,S,3,3,1,25,0,25,2,0,0,0,0,0,0.0,18,11,7,1,0,0,
84,SirVocea Dennis,25,TAM,LB,3,3,0,0,0,0,2,0,0,0,0,0,0.0,17,13,4,3,2,0,
85,Gervon Dexter,24,CHI,DL,3,3,0,0,0,0,0,0,0,0,0,0,1.0,5,3,2,2,3,0,
86,YaYa Diaby,26,TAM,OLB,3,3,0,0,0,0,0,0,0,0,0,0,1.0,9,6,3,3,4,0,
87,Tyrel Dodson,27,MIA,LB,3,3,0,0,0,0,1,0,0,0,0,0,1.0,33,23,10,2,1,0,
88,Brandon Dorlus,24,ATL,DT,3,3,0,0,0,0,0,0,0,0,0,0,1.5,4,2,2,1,2,0,
89,Tremaine Edmunds,27,CHI,LB,3,3,2,0,0,0,3,0,0,0,0,0,0.0,29,15,14,1,0,0,
90,Kaiir Elam,24,DAL,CB,3,3,0,0,0,0,0,0,0,0,0,0,0.0,17,11,6,0,0,0,
91,Jordan Elliott,28,SFO,DL,3,3,0,0,0,0,0,0,0,0,0,0,0.0,8,1,7,1,0,0,
92,Christian Elliss,26,NWE,LB,3,3,0,0,0,0,0,0,0,0,0,0,0.0,17,10,7,0,0,0,
93,Kaden Elliss,30,ATL,LB,3,3,0,0,0,0,1,0,0,0,0,0,1.0,18,10,8,3,2,0,
94,Braden Fiske,25,LAR,DE,3,3,0,0,0,0,0,0,0,1,0,0,0.0,5,2,3,0,0,0,
95,Minkah Fitzpatrick,29,MIA,S,3,3,0,0,0,0,1,0,0,0,0,0,0.0,22,14,8,0,0,0,
96,Joe Flacco,40,CLE,QB,3,3,0,0,0,0,0,0,1,0,0,0,0.0,0,0,0,0,0,0,
97,Cordale Flott,24,NYG,CB,3,3,0,0,0,0,3,0,0,0,0,0,0.0,7,4,3,0,0,0,
98,Leonard Floyd,33,ATL,DE,3,3,0,0,0,0,0,0,0,0,0,0,1.0,1,1,0,1,4,0,
99,Emmanuel Forbes,24,LAR,CB,3,3,0,0,0,0,2,0,0,0,0,0,0.0,9,6,3,0,0,0,
100,Dante Fowler,31,DAL,DE,3,3,0,0,0,0,1,0,0,0,0,0,0.0,1,0,1,0,2,0,
101,Zaire Franklin,29,IND,LB,3,3,0,0,0,0,2,0,0,0,0,0,0.0,16,9,7,0,0,0,
102,John Franklin-Myers,29,DEN,DL,3,3,0,0,0,0,0,0,0,0,0,0,1.0,4,2,2,1,2,0,
103,Hjalte Froholdt,29,ARI,OL,3,3,0,0,0,0,0,0,0,1,0,0,0.0,0,0,0,0,0,0,
104,Sauce Gardner,25,NYJ,CB,3,3,0,0,0,0,3,0,0,0,0,0,0.0,10,7,3,0,0,0,
105,C.J. Gardner-Johnson,28,HOU,S,3,3,0,0,0,0,0,0,0,0,0,0,0.0,15,11,4,0,1,0,
106,Myles Garrett,30,CLE,DE,3,3,0,0,0,0,0,0,0,0,0,0,4.0,16,9,7,7,6,0,
107,Rashan Gary,28,GNB,DL,3,3,0,0,0,0,0,0,0,0,0,0,4.5,13,8,5,4,7,0,
108,Jahmyr Gibbs,23,DET,RB,3,3,0,0,0,0,0,0,0,1,0,0,0.0,0,0,0,0,0,0,
109,Alohi Gilman,28,LAC,S,3,3,0,0,0,0,2,0,0,0,0,0,0.0,14,8,6,0,0,0,
110,Davon Godchaux,31,NOR,DT,3,3,0,0,0,0,0,0,0,0,0,0,0.0,4,2,2,0,0,0,
111,Jared Goff,31,DET,QB,3,3,0,0,0,0,0,0,1,0,-9,0,0.0,0,0,0,0,0,0,
112,Mason Graham,22,CLE,DT,3,3,0,0,0,0,0,0,0,0,0,0,0.5,11,3,8,1,1,0,
113,Carl Granderson,29,NOR,DE,3,3,0,0,0,0,2,0,0,0,0,0,3.5,15,11,4,4,4,0,
114,Cedric Gray,23,TEN,LB,3,3,0,0,0,0,0,0,0,0,0,0,0.0,19,11,8,0,0,0,
115,Renardo Green,25,SFO,CB,3,3,0,0,0,0,3,0,0,0,0,0,0.0,13,8,5,0,0,0,
116,Jonathan Greenard,28,MIN,OLB,3,3,0,0,0,0,0,0,0,0,0,0,1.0,9,5,4,3,5,0,
117,Logan Hall,25,TAM,DL,3,3,0,0,0,0,0,0,0,0,0,0,0.0,4,3,1,0,0,0,
118,DaVon Hamilton,28,JAX,DT,3,3,0,0,0,0,0,0,0,0,0,0,0.0,4,2,2,0,1,0,
119,Kyle Hamilton,24,BAL,S,3,3,0,0,0,0,2,1,0,0,0,0,0.0,23,14,9,1,0,0,
120,Omarion Hampton,22,LAC,RB,3,3,0,0,0,0,0,0,1,0,0,0,0.0,0,0,0,0,0,0,
121,Da'Shawn Hand,30,LAC,DL,3,3,0,0,0,0,1,0,0,0,0,0,1.0,4,3,1,1,3,0,
122,Javon Hargrave,32,MIN,DL,3,3,0,0,0,0,0,0,0,0,0,0,2.0,11,5,6,2,1,0,
123,Will Harris,30,WAS,FS,3,3,0,0,0,0,1,1,0,0,0,0,0.0,11,7,4,0,0,0,
124,Zach Harrison,24,ATL,DL,3,3,0,0,0,0,0,1,0,0,0,0,1.5,10,4,6,1,2,0,
125,Jaylinn Hawkins,28,NWE,S,3,3,1,1,0,1,1,0,0,0,0,0,1.0,16,12,4,2,1,0,
126,Trey Hendrickson,31,CIN,DE,3,3,0,0,0,0,1,0,0,0,0,0,2.0,7,6,1,2,6,0,
127,Daiyan Henley,26,LAC,LB,3,3,1,8,0,8,2,0,0,0,0,0,2.0,22,12,10,3,2,0,
128,Derrick Henry,31,BAL,RB,3,3,0,0,0,0,0,0,3,0,0,0,0.0,0,0,0,0,0,0,
129,Justin Herbert,27,LAC,QB,3,3,0,0,0,0,0,0,2,0,-7,0,0.0,0,0,0,0,0,0,
130,Cameron Heyward,36,PIT,DT,3,3,0,0,0,0,3,1,0,0,0,0,1.0,14,8,6,1,1,0,
131,Ronnie Hickman,24,CLE,S,3,3,0,0,0,0,1,0,0,0,0,0,0.0,13,9,4,0,0,0,
132,B.J. Hill,30,CIN,DT,3,3,0,0,0,0,0,0,0,0,0,0,1.0,12,4,8,1,1,0,
133,Daxton Hill,25,CIN,CB,3,3,1,0,0,0,1,0,0,0,0,0,0.0,20,16,4,1,0,0,
134,Josh Hines-Allen,28,JAX,DE,3,3,0,0,0,0,1,0,0,0,0,0,0.5,8,5,3,0,7,0,
135,Jevon Holland,25,NYG,S,3,3,0,0,0,0,1,0,0,0,0,0,0.0,20,12,8,0,0,0,
136,Amani Hooker,27,TEN,S,3,3,0,0,0,0,3,0,0,0,0,0,1.0,18,13,5,1,1,0,
137,Malik Hooker,29,DAL,S,3,3,0,0,0,0,0,0,0,0,0,0,0.0,16,10,6,0,0,0,
138,Jaycee Horn,26,CAR,CB,3,3,1,10,0,10,1,0,0,0,0,0,0.0,7,6,1,0,0,0,
139,Xavien Howard,32,IND,CB,3,3,0,0,0,0,0,0,0,1,2,0,0.0,5,2,3,0,0,0,
140,Talanoa Hufanga,26,DEN,S,3,3,0,0,0,0,2,1,0,0,0,0,0.0,27,16,11,0,0,0,
141,Mike Hughes,28,ATL,CB,3,3,0,0,0,0,1,0,0,0,0,0,0.0,7,3,4,0,0,0,
142,Creed Humphrey,26,KAN,C,3,3,0,0,0,0,0,0,1,0,0,0,0.0,0,0,0,0,0,0,
143,Marlon Humphrey,29,BAL,CB,3,3,0,0,0,0,1,0,0,0,0,0,0.0,11,10,1,0,0,0,
144,Jalyx Hunt,24,PHI,OLB,3,3,0,0,0,0,0,0,0,0,0,0,0.0,5,1,4,1,3,0,
145,Danielle Hunter,31,HOU,DE,3,3,0,0,0,0,0,1,0,1,0,0,2.0,8,4,4,2,2,0,
146,Jalen Hurts,27,PHI,QB,3,3,0,0,0,0,0,0,2,0,0,0,0.0,0,0,0,0,0,0,
147,Aidan Hutchinson,25,DET,DE,3,3,0,0,0,0,0,1,0,0,0,0,2.0,4,3,1,2,3,0,
148,Donte Jackson,30,LAC,CB,3,3,1,0,0,0,3,0,0,0,0,0,0.0,5,5,0,0,0,0,
149,Lamar Jackson,28,BAL,QB,3,3,0,0,0,0,0,0,1,1,0,0,0.0,0,0,0,0,0,0,
150,Michael Jackson,28,CAR,CB,3,3,1,54,0,54,3,0,0,0,0,0,0.0,11,10,1,1,0,0,
151,Theo Jackson,27,MIN,S,3,3,0,0,0,0,0,1,0,1,9,0,0.0,14,9,5,0,0,0,
152,Josh Jacobs,27,GNB,RB,3,3,0,0,0,0,0,0,1,1,0,0,0.0,0,0,0,0,0,0,
153,Derwin James,29,LAC,S,3,3,0,0,0,0,2,0,0,0,0,0,1.0,26,18,8,5,3,0,
154,Grady Jarrett,32,CHI,DL,3,3,0,0,0,0,0,0,0,0,0,0,0.0,4,1,3,0,3,0,
155,Brandon Jones,27,DEN,S,3,3,1,0,0,0,2,0,0,1,0,0,0.0,25,11,14,0,0,0,
156,Chris Jones,31,KAN,DT,3,3,0,0,0,0,0,0,0,0,0,0,1.0,5,3,2,3,3,0,
157,D.J. Jones,30,DEN,DT,3,3,0,0,0,0,0,0,0,0,0,0,1.0,4,4,0,2,2,0,
158,DaQuan Jones,34,BUF,DT,3,3,0,0,0,0,0,0,0,0,0,0,1.0,3,3,0,2,0,0,
159,Dre'Mont Jones,28,TEN,OLB,3,3,0,0,0,0,0,0,0,0,0,0,0.0,6,3,3,1,0,0,
160,Ernest Jones,26,SEA,LB,3,3,1,7,0,7,2,0,0,0,0,0,0.0,25,14,11,2,0,0,
161,Jack Jones,28,MIA,CB,3,3,0,0,0,0,2,0,0,0,0,0,0.0,13,7,6,0,0,0,
162,Travis Jones,26,BAL,DL,3,3,0,0,0,0,0,0,0,0,0,0,0.0,6,4,2,1,0,0,
163,Cameron Jordan,36,NOR,DE,3,3,0,0,0,0,1,0,0,0,0,0,1.5,8,5,3,3,2,0,
164,Kerby Joseph,25,DET,S,3,3,1,0,0,0,1,0,0,0,0,0,0.0,7,6,1,0,0,0,
165,Alvin Kamara,30,NOR,RB,3,3,0,0,0,0,0,0,1,0,0,0,0.0,0,0,0,0,0,0,
166,Kyu Blu Kelly,24,LVR,CB,3,3,0,0,0,0,3,0,0,1,3,0,0.0,16,13,3,1,0,0,
167,Javon Kinlaw,28,WAS,DT,3,3,0,0,0,0,0,0,0,0,0,0,0.0,5,2,3,2,2,0,
168,Cole Kmet,26,CHI,TE,3,3,0,0,0,0,0,0,0,0,0,0,0.0,1,0,1,0,0,0,
169,Demetrius Knight,25,CIN,LB,3,3,0,0,0,0,1,0,0,0,0,0,0.0,21,13,8,0,0,0,
170,Tyrice Knight,25,SEA,LB,3,3,0,0,0,0,0,0,0,0,0,0,0.0,20,12,8,0,0,0,
171,Quentin Lake,26,LAR,S,3,3,0,0,0,0,5,0,0,0,0,0,0.0,13,7,6,0,0,0,
172,Nathan Landman,27,LAR,LB,3,3,0,0,0,0,0,1,0,2,0,0,0.0,21,11,10,0,1,0,
173,Harold Landry,29,NWE,OLB,3,3,0,0,0,0,0,1,0,0,0,0,3.5,14,8,6,4,7,0,
174,Kamari Lassiter,22,HOU,CB,3,3,0,0,0,0,0,0,0,0,0,0,0.0,19,14,5,0,0,0,
175,Marshon Lattimore,29,WAS,CB,3,3,0,0,0,0,4,0,0,0,0,0,0.0,12,8,4,0,0,0,
176,DeMarcus Lawrence,33,SEA,DE,3,3,0,0,0,0,0,0,0,0,0,0,0.0,11,4,7,2,1,0,
177,Dexter Lawrence,28,NYG,DL,3,3,0,0,0,0,0,0,0,0,0,0,0.0,8,4,4,0,2,0,
178,Trevor Lawrence,26,JAX,QB,3,3,0,0,0,0,0,0,1,1,0,0,0.0,0,0,0,0,0,0,
179,Deommodore Lenoir,26,SFO,DB,3,3,0,0,0,0,0,0,0,0,0,0,0.0,9,9,0,2,0,0,
180,Jourdan Lewis,30,JAX,CB,3,3,2,6,0,6,6,0,0,1,0,0,0.0,17,11,6,3,1,0,
181,Devin Lloyd,27,JAX,LB,3,3,1,22,0,22,1,0,0,1,2,0,0.0,15,6,9,1,1,0,
182,Drake London,24,ATL,WR,3,3,0,0,0,0,0,0,1,0,0,0,0.0,0,0,0,0,0,0,
183,Frankie Luvu,29,WAS,LB,3,3,0,0,0,0,0,0,0,0,0,0,0.0,16,5,11,0,0,0,
184,Boye Mafe,27,SEA,LB,3,3,0,0,0,0,0,0,0,0,0,0,0.0,3,1,2,0,1,0,
185,Patrick Mahomes,30,KAN,QB,3,3,0,0,0,0,0,0,2,2,0,0,0.0,0,0,0,0,0,0,
186,Quan Martin,25,WAS,S,3,3,0,0,0,0,0,0,0,0,0,0,0.0,15,8,7,0,2,0,
187,Drake Maye,23,NWE,QB,3,3,0,0,0,0,0,0,2,1,0,0,0.0,0,0,0,0,0,0,
188,Michael Mayer,24,LVR,TE,3,3,0,0,0,0,0,0,0,0,0,0,0.0,2,2,0,0,0,0,
189,Baker Mayfield,30,TAM,QB,3,3,0,0,0,0,0,0,2,0,0,0,0.0,0,0,0,0,0,0,
190,Zyon McCollum,26,TAM,CB,3,3,0,0,0,0,0,0,0,0,0,0,0.0,24,20,4,1,0,0,
191,Will McDonald,26,NYJ,DE,3,3,0,0,0,0,0,0,0,0,0,0,2.0,3,2,1,2,3,0,
192,Trent McDuffie,25,KAN,CB,3,3,0,0,0,0,2,0,0,0,0,0,0.0,12,10,2,0,0,0,
193,Isaiah McGuire,24,CLE,DE,3,3,0,0,0,0,0,0,0,0,0,0,1.0,8,4,4,2,2,0,
194,Xavier McKinney,27,GNB,S,3,3,1,0,0,0,2,0,0,0,0,0,0.0,15,8,7,0,0,0,
195,Kool-Aid McKinstry,23,NOR,CB,3,3,0,0,0,0,1,0,0,0,0,0,0.0,9,7,2,1,0,0,
196,Colton McKivitz,29,SFO,OL,3,3,0,0,0,0,0,0,0,0,0,0,0.0,1,1,0,0,0,0,
197,Max Melton,23,ARI,CB,3,3,0,0,0,0,1,0,0,0,0,0,0.0,11,8,3,0,0,0,
198,Jordan Meredith,27,LVR,G,3,3,0,0,0,0,0,0,1,0,0,0,0.0,0,0,0,0,0,0,
199,Josh Metellus,27,MIN,S,3,3,1,0,0,0,2,0,0,0,0,0,0.0,14,11,3,0,0,0,
200,Quinyon Mitchell,24,PHI,CB,3,3,0,0,0,0,1,0,0,1,6,0,0.0,12,10,2,0,0,0,
201,Tre'von Moehrig,26,CAR,S,3,3,0,0,0,0,0,0,0,0,0,0,0.0,26,18,8,1,1,0,
202,D.J. Moore,28,CHI,WR,3,3,0,0,0,0,0,0,1,0,0,0,0.0,0,0,0,0,0,0,
203,Riley Moss,25,DEN,CB,3,3,0,0,0,0,4,0,0,0,0,0,0.0,18,13,5,0,0,0,
204,Byron Murphy,27,MIN,CB,3,3,0,0,0,0,1,0,0,0,0,0,0.0,14,11,3,0,0,0,
205,Byron Murphy,23,SEA,DT,3,3,0,0,0,0,0,0,0,0,0,0,2.5,14,6,8,2,5,0,
206,Eric Murray,31,JAX,S,3,3,1,12,0,12,3,0,0,0,0,0,0.0,18,11,7,0,1,0,
207,Kenneth Murray,27,DAL,MLB,3,3,0,0,0,0,0,0,0,0,0,0,0.0,22,13,9,2,0,0,
208,Greg Newsome II,25,CLE,CB,3,3,0,0,0,0,2,0,0,0,0,0,0.0,14,13,1,1,0,0,
209,Bo Nix,25,DEN,QB,3,3,0,0,0,0,0,0,1,0,0,0,0.0,0,0,0,0,0,0,
210,Keisean Nixon,28,GNB,CB,3,3,0,0,0,0,5,0,0,0,0,0,0.0,12,11,1,1,0,0,
211,Tyler Nubin,24,NYG,S,3,3,0,0,0,0,0,0,0,0,0,0,0.0,16,11,5,2,0,0,
212,Dayo Odeyingbo,26,CHI,DL,3,3,0,0,0,0,1,0,0,0,0,0,1.0,8,2,6,1,3,0,
213,Osa Odighizuwa,27,DAL,DT,3,3,0,0,0,0,0,0,0,0,0,0,0.0,9,2,7,0,1,0,
214,Bobby Okereke,29,NYG,LB,3,3,0,0,0,0,1,0,0,0,0,0,0.0,34,15,19,0,1,0,
215,Foyesade Oluokun,30,JAX,LB,3,3,1,0,0,0,2,1,0,0,0,0,1.0,23,13,10,2,1,0,
216,David Onyemata,33,ATL,DL,3,3,0,0,0,0,0,0,0,0,0,0,0.0,9,4,5,1,0,0,
217,Ivan Pace,25,MIN,LB,3,3,0,0,0,0,0,0,0,0,0,0,0.0,26,18,8,1,3,0,
218,Isiah Pacheco,26,KAN,RB,3,3,0,0,0,0,0,0,0,1,0,0,0.0,0,0,0,0,0,0,
219,Kwity Paye,27,IND,DE,3,3,0,0,0,0,0,0,0,0,0,0,1.0,4,3,1,2,1,0,
220,Daron Payne,28,WAS,DT,3,3,0,0,0,0,2,0,0,0,0,0,1.0,12,6,6,2,2,0,
221,Michael Penix,25,ATL,QB,3,3,0,0,0,0,0,0,1,0,-4,0,0.0,0,0,0,0,0,0,
222,Andru Phillips,24,NYG,CB,3,3,1,0,0,0,4,0,0,0,0,0,0.0,20,15,5,2,0,0,
223,Harrison Phillips,29,NYJ,DL,3,3,0,0,0,0,0,1,0,0,0,0,0.5,12,4,8,0,0,0,
224,Jaelan Phillips,26,MIA,LB,3,3,0,0,0,0,0,0,0,0,0,0,0.0,9,4,5,0,0,0,
225,Jason Pinnock,26,SFO,S,3,3,0,0,0,0,0,0,0,0,0,0,0.0,10,9,1,0,0,0,
226,Isaiah Pola-Mao,26,LVR,S,3,3,1,0,0,0,1,0,0,0,0,0,0.0,17,10,7,1,0,0,
227,Tony Pollard,28,TEN,RB,3,3,0,0,0,0,0,0,1,0,0,0,0.0,0,0,0,0,0,0,
228,Germaine Pratt,29,LVR,LB,3,3,0,0,0,0,2,0,0,0,0,0,0.0,19,7,12,0,0,0,
229,Dak Prescott,32,DAL,QB,3,3,0,0,0,0,0,0,1,1,-1,0,0.0,0,0,0,0,0,0,
230,Patrick Queen,26,PIT,LB,3,3,0,0,0,0,2,0,0,0,0,0,0.0,24,14,10,2,2,0,
231,Jalen Ramsey,31,PIT,CB,3,3,1,2,0,2,4,0,0,0,0,0,0.0,10,6,4,0,1,0,
232,Sheldon Rankins,31,HOU,DT,3,3,0,0,0,0,0,0,0,0,0,0,1.0,6,5,1,2,3,0,
233,Taylor Rapp,28,BUF,S,3,3,0,0,0,0,0,0,0,0,0,0,0.0,13,8,5,0,0,0,
234,Spencer Rattler,25,NOR,QB,3,3,0,0,0,0,0,0,1,0,0,0,0.0,0,0,0,0,0,0,
235,D.J. Reader,31,DET,DL,3,3,0,0,0,0,0,0,0,0,0,0,0.0,1,1,0,0,0,0,
236,Haason Reddick,31,TAM,OLB,3,3,0,0,0,0,0,0,0,0,0,0,1.0,8,4,4,2,2,0,
237,Jalen Redmond,26,MIN,DL,3,3,0,0,0,0,0,1,0,0,0,0,1.0,10,6,4,2,1,0,
238,D.J. Reed,29,DET,CB,3,3,0,0,0,0,1,0,0,1,3,0,0.0,12,11,1,0,0,0,
239,Justin Reid,28,NOR,S,3,3,0,0,0,0,1,0,0,0,0,0,0.0,15,12,3,0,0,0,
240,Roy Robertson-Harris,32,NYG,DT,3,3,0,0,0,0,0,0,0,0,0,0,0.0,4,1,3,0,0,0,
241,A'Shawn Robinson,30,CAR,DE,3,3,0,0,0,0,0,0,0,0,0,0,0.0,9,5,4,0,1,0,
242,Bijan Robinson,23,ATL,RB,3,3,0,0,0,0,0,0,0,1,0,0,0.0,0,0,0,0,0,0,
243,Darius Robinson,24,ARI,DL,3,3,0,0,0,0,0,0,0,0,0,0,0.0,2,2,0,0,0,0,
244,Tavius Robinson,26,BAL,OLB,3,3,0,0,0,0,0,1,0,0,0,0,1.0,14,8,6,1,1,0,
245,Isaiah Rodgers,27,MIN,CB,3,3,1,87,1,87,2,2,0,1,66,1,0.0,12,10,2,2,0,0,
246,Gregory Rousseau,25,BUF,DE,3,3,0,0,0,0,2,0,0,0,0,0,0.5,5,3,2,0,1,0,
247,Christian Rozeboom,28,CAR,LB,3,3,0,0,0,0,0,0,0,0,0,0,0.0,24,14,10,0,0,0,
248,Cesar Ruiz,26,NOR,OL,3,3,0,0,0,0,0,0,0,1,0,0,0.0,0,0,0,0,0,0,
249,Mike Sainristil,25,WAS,CB,3,3,0,0,0,0,0,0,0,0,0,0,0.0,13,9,4,0,0,0,
250,Jack Sanborn,25,DAL,MLB,3,3,0,0,0,0,0,0,0,0,0,0,0.0,21,9,12,1,0,0,
251,Carson Schwesinger,22,CLE,LB,3,3,0,0,0,0,0,0,0,0,0,0,1.0,23,12,11,2,2,0,
252,Nick Scott,30,CAR,S,3,3,0,0,0,0,1,0,0,0,0,0,0.0,11,7,4,0,0,0,
253,Tim Settle,28,HOU,DT,3,3,0,0,0,0,1,0,0,0,0,0,0.0,4,2,2,1,0,0,
254,Nathan Shepherd,32,NOR,DT,3,3,0,0,0,0,0,0,0,0,0,0,0.0,10,3,7,1,1,0,
255,Jamien Sherwood,25,NYJ,LB,3,3,0,0,0,0,0,0,0,0,0,0,0.0,30,14,16,3,0,0,
256,Zach Sieler,30,MIA,DT,3,3,0,0,0,0,0,0,0,0,0,0,0.0,10,7,3,0,0,0,
257,Marques Sigle,23,SFO,S,3,3,0,0,0,0,0,0,0,1,0,0,0.0,18,9,9,0,0,0,
258,Jeffery Simmons,28,TEN,DT,3,3,0,0,0,0,0,1,0,0,0,0,1.0,9,6,3,1,6,0,
259,Alex Singleton,32,DEN,LB,3,3,0,0,0,0,1,0,0,0,0,0,0.0,27,10,17,0,1,0,
260,Tedarrell Slaton,28,CIN,DT,3,3,0,0,0,0,0,0,0,0,0,0,0.0,9,4,5,0,1,0,
261,Darius Slay,34,PIT,CB,3,3,0,0,0,0,2,0,0,1,-6,0,0.0,10,10,0,0,0,0,
262,Geno Smith,35,LVR,QB,3,3,0,0,0,0,0,0,0,1,0,0,0.0,0,0,0,0,0,0,
263,Nolan Smith,24,PHI,OLB,3,3,0,0,0,0,0,1,0,0,0,0,0.0,10,4,6,0,1,0,
264,Roquan Smith,28,BAL,LB,3,3,0,0,0,0,0,0,0,1,63,1,0.0,32,22,10,4,3,0,
265,Tykee Smith,24,TAM,S,3,3,0,0,0,0,2,0,0,0,0,0,1.0,24,15,9,2,1,0,
266,Jaxon Smith-Njigba,23,SEA,WR,3,3,0,0,0,0,0,0,2,0,0,0,0.0,0,0,0,0,0,0,
267,L'Jarius Sneed,28,TEN,CB,3,3,0,0,0,0,3,0,0,0,0,0,0.0,7,5,2,0,0,0,
268,Omar Speights,24,LAR,LB,3,3,0,0,0,0,0,0,0,0,0,0,0.0,12,9,3,0,0,0,
269,Robert Spillane,30,NWE,LB,3,3,1,37,0,37,2,0,0,0,0,0,1.0,21,16,5,1,0,0,
270,Matthew Stafford,37,LAR,QB,3,3,0,0,0,0,0,0,2,2,-18,0,0.0,0,0,0,0,0,0,
271,Malaki Starks,22,BAL,S,3,3,0,0,0,0,0,0,0,0,0,0,0.0,22,10,12,1,0,0,
272,Brandon Stephens,28,NYJ,CB,3,3,0,0,0,0,1,0,0,0,0,0,0.0,15,11,4,2,0,0,
273,Rhamondre Stevenson,27,NWE,RB,3,3,0,0,0,0,0,0,2,0,0,0,0.0,0,0,0,0,0,0,
274,Tyrique Stevenson,25,CHI,DB,3,3,0,0,0,0,3,1,0,1,-4,0,0.0,13,10,3,1,0,0,
275,Grover Stewart,32,IND,DT,3,3,0,0,0,0,0,0,0,0,0,0,0.0,13,5,8,1,2,0,
276,Tarheeb Still,23,LAC,CB,3,3,0,0,0,0,2,0,0,0,0,0,0.0,15,13,2,1,1,0,
277,Derek Stingley Jr.,24,HOU,CB,3,3,0,0,0,0,3,0,0,0,0,0,0.0,8,7,1,0,0,0,
278,Eric Stokes,26,LVR,CB,3,3,0,0,0,0,2,0,0,0,0,0,0.0,7,4,3,1,0,0,
279,Geno Stone,26,CIN,S,3,3,0,0,0,0,0,0,0,0,0,0,0.0,18,11,7,0,1,0,
280,Patrick Surtain II,25,DEN,CB,3,3,0,0,0,0,3,0,0,0,0,0,0.0,13,11,2,0,0,0,
281,Josh Sweat,28,ARI,OLB,3,3,0,0,0,0,0,1,0,0,0,0,2.0,6,4,2,3,4,0,
282,Montez Sweat,29,CHI,DL,3,3,0,0,0,0,1,0,0,0,0,0,1.0,8,7,1,3,3,0,
283,D'Andre Swift,26,CHI,RB,3,3,0,0,0,0,0,0,1,0,0,0,0.0,0,0,0,0,0,0,
284,Tua Tagovailoa,27,MIA,QB,3,3,0,0,0,0,0,0,2,1,0,0,0.0,0,0,0,0,0,0,
285,Teair Tart,28,LAC,DL,3,3,0,0,0,0,2,0,0,0,0,0,0.0,3,3,0,1,1,0,
286,Kayvon Thibodeaux,25,NYG,OLB,3,3,0,0,0,0,1,0,0,0,0,0,1.5,9,6,3,2,5,0,
287,Jalen Thompson,27,ARI,S,3,3,0,0,0,0,1,0,0,0,0,0,0.0,24,14,10,0,0,0,
288,Henry To'oTo'o,24,HOU,LB,3,3,0,0,0,0,1,0,0,0,0,0,1.0,21,12,9,2,1,0,
289,Dalvin Tomlinson,31,ARI,DT,3,3,0,0,0,0,0,0,0,0,0,0,0.0,5,4,1,2,1,0,
290,Drue Tranquill,30,KAN,LB,3,3,0,0,0,0,0,0,0,0,0,0,2.0,17,9,8,2,2,0,
291,Tuli Tuipulotu,23,LAC,OLB,3,3,0,0,0,0,2,0,0,0,0,0,0.0,8,5,3,1,3,0,
292,Kobie Turner,26,LAR,DE,3,3,0,0,0,0,0,0,0,0,0,0,1.0,8,5,3,1,2,0,
293,Vita Vea,30,TAM,NT,3,3,0,0,0,0,0,0,0,1,0,0,0.0,7,3,4,0,0,0,
294,Jared Verse,25,LAR,OLB,3,3,0,0,0,0,0,1,0,0,0,0,1.0,11,6,5,2,4,0,
295,Bobby Wagner,35,WAS,MLB,3,3,0,0,0,0,0,0,0,0,0,0,2.0,32,14,18,3,3,0,
296,Quay Walker,25,GNB,LB,3,3,0,0,0,0,2,0,0,0,0,0,0.0,31,16,15,2,2,0,
297,Travon Walker,25,JAX,DE,3,3,0,0,0,0,1,0,0,0,0,0,2.0,10,5,5,2,4,0,
298,Trevin Wallace,22,CAR,LB,3,3,0,0,0,0,0,0,0,0,0,0,0.0,13,9,4,1,0,0,
299,Cam Ward,23,TEN,QB,3,3,0,0,0,0,0,0,2,0,0,0,0.0,0,0,0,0,0,0,
300,Denzel Ward,28,CLE,CB,3,3,0,0,0,0,2,0,0,0,0,0,0.0,8,6,2,0,0,0,
301,Fred Warner,29,SFO,LB,3,3,0,0,0,0,3,1,0,1,0,0,0.0,30,16,14,2,0,0,
302,Jaylen Watson,27,KAN,CB,3,3,1,0,0,0,3,0,0,0,0,0,0.0,22,12,10,0,0,0,
303,T.J. Watt,31,PIT,LB,3,3,0,0,0,0,1,1,0,1,0,0,2.0,14,7,7,4,4,0,
304,Xavier Watts,24,ATL,S,3,3,1,0,0,0,3,0,0,0,0,0,0.0,17,15,2,0,0,0,
305,Pete Werner,26,NOR,LB,3,3,0,0,0,0,2,0,0,1,0,0,1.0,27,19,8,1,1,0,
306,Devin White,27,LVR,LB,3,3,0,0,0,0,0,0,0,0,0,0,0.0,25,17,8,4,1,0,
307,Dorian Williams,24,BUF,LB,3,3,0,0,0,0,1,0,0,0,0,0,0.0,12,7,5,0,0,0,
308,Javonte Williams,25,DAL,RB,3,3,0,0,0,0,0,0,1,0,0,0,0.0,0,0,0,0,0,0,
309,Leonard Williams,31,SEA,DE,3,3,0,0,0,0,0,0,0,0,0,0,1.0,15,7,8,1,5,0,
310,Milton Williams,26,NWE,DT,3,3,0,0,0,0,0,0,0,0,0,0,2.0,8,6,2,5,3,0,
311,Mykel Williams,21,SFO,DE,3,3,0,0,0,0,0,0,0,0,0,0,0.0,8,6,2,3,1,0,
312,Quincy Williams,29,NYJ,LB,3,3,0,0,0,0,2,0,0,0,0,0,1.5,15,8,7,2,3,0,
313,Quinnen Williams,28,NYJ,DL,3,3,0,0,0,0,0,1,0,0,0,0,1.0,13,9,4,4,3,0,
314,Sam Williams,26,DAL,DE,3,3,0,0,0,0,1,0,0,0,0,0,0.0,8,5,3,1,2,0,
315,Tyleik Williams,22,DET,DT,3,3,0,0,0,0,2,0,0,0,0,0,0.0,2,1,1,0,0,0,
316,Donovan Wilson,30,DAL,S,3,3,1,0,0,0,2,0,0,0,0,0,0.0,15,7,8,0,0,0,
317,Garrett Wilson,25,NYJ,WR,3,3,0,0,0,0,0,0,1,1,0,0,0.0,0,0,0,0,0,0,
318,Logan Wilson,29,CIN,LB,3,3,0,0,0,0,3,0,0,0,0,0,0.0,20,10,10,0,0,0,
319,Mack Wilson,27,ARI,LB,3,3,0,0,0,0,4,0,0,0,0,0,0.0,28,14,14,2,1,0,
320,Russell Wilson,37,NYG,QB,3,3,0,0,0,0,0,0,2,1,0,0,0.0,0,0,0,0,0,0,
321,Antoine Winfield Jr.,27,TAM,S,3,3,0,0,0,0,1,1,0,0,0,0,1.0,11,7,4,2,3,0,
322,Andrew Wingard,29,JAX,S,3,3,1,39,0,39,1,0,0,0,0,0,0.0,17,9,8,0,0,0,
323,Dee Winters,25,SFO,LB,3,3,0,0,0,0,1,0,0,0,0,0,0.0,22,15,7,2,1,0,
324,Colby Wooden,25,GNB,DL,3,3,0,0,0,0,0,0,0,0,0,0,0.0,9,4,5,2,1,0,
325,Xavier Woods,30,TEN,S,3,3,1,16,0,16,2,0,0,0,0,0,0.0,13,10,3,0,0,0,
326,Craig Woodson,24,NWE,S,3,3,0,0,0,0,0,0,0,0,0,0,0.0,18,11,7,2,0,0,
327,Riq Woolen,26,SEA,CB,3,3,0,0,0,0,1,0,0,0,0,0,0.0,13,11,2,0,0,0,
328,Devonte Wyatt,27,GNB,DL,3,3,0,0,0,0,2,0,0,0,0,0,2.0,5,3,2,2,5,0,
329,Bryce Young,24,CAR,QB,3,3,0,0,0,0,0,0,2,0,0,0,0.0,0,0,0,0,0,0,
330,Byron Young,27,LAR,OLB,3,3,0,0,0,0,0,1,0,0,0,0,4.0,20,13,7,6,5,0,
331,Tony Adams,26,NYJ,S,2,2,0,0,0,0,0,0,0,0,0,0,0.0,11,7,4,0,0,0,
332,Trey Amos,23,WAS,CB,3,2,0,0,0,0,4,0,0,0,0,0,0.0,5,4,1,1,0,0,
333,Dorance Armstrong Jr.,28,WAS,DE,3,2,0,0,0,0,0,0,0,0,0,0,3.0,15,11,4,4,3,0,
334,Alex Austin,24,NWE,CB,3,2,0,0,0,0,1,0,0,0,0,0,0.0,8,6,2,1,0,0,
335,D'Anthony Bell,29,SEA,S,2,2,0,0,0,0,0,0,0,0,0,0,0.0,3,3,0,1,0,0,
336,Jarvis Brownlee,24,TEN,CB,2,2,0,0,0,0,1,0,0,0,0,0,0.0,17,11,6,2,0,0,
337,Teddye Buchanan,23,BAL,LB,3,2,0,0,0,0,0,0,0,0,0,0,0.0,18,9,9,0,0,0,
338,Javon Bullard,23,GNB,S,3,2,0,0,0,0,0,0,0,0,0,0,0.0,18,13,5,1,0,0,
339,Grant Calcaterra,27,PHI,TE,3,2,0,0,0,0,0,0,0,1,0,0,0.0,1,1,0,0,0,0,
340,Jalen Carter,24,PHI,DT,2,2,0,0,0,0,0,0,0,0,0,0,0.0,5,1,4,1,5,0,
341,Damone Clark,25,DAL,LB,3,2,0,0,0,0,0,0,0,0,0,0,0.0,12,6,6,0,0,0,
342,Michael Danna,28,KAN,DE,2,2,0,0,0,0,0,0,0,0,0,0,0.0,2,1,1,1,0,0,
343,Marcus Davenport,29,DET,DE,2,2,0,0,0,0,0,0,0,0,0,0,1.0,5,3,2,1,1,0,
344,Trevon Diggs,27,DAL,CB,3,2,0,0,0,0,0,0,0,0,0,0,0.0,7,6,1,0,0,0,
345,Rasul Douglas,30,MIA,CB,3,2,0,0,0,0,2,0,0,0,0,0,0.0,10,6,4,0,0,0,
346,Kyle Dugger,29,NWE,S,3,2,0,0,0,0,0,0,0,0,0,0,0.0,8,4,4,0,0,0,
347,Troy Dye,29,LAC,LB,3,2,0,0,0,0,0,0,0,0,0,0,1.0,11,5,6,0,0,0,
348,Arnold Ebiketie,26,ATL,DE,3,2,0,0,0,0,0,0,0,0,0,0,0.0,9,6,3,1,0,0,
349,Noah Fant,28,CIN,TE,3,2,0,0,0,0,0,0,1,0,0,0,0.0,0,0,0,0,0,0,
350,Justin Fields,26,NYJ,QB,2,2,0,0,0,0,0,0,2,0,0,0,0.0,0,0,0,0,0,0,
351,Dennis Gardeck,31,JAX,OLB,3,2,0,0,0,0,1,0,0,0,0,0,0.0,6,5,1,1,0,0,
352,Kenneth Grant,22,MIA,DT,3,2,0,0,0,0,1,0,0,0,0,0,0.0,8,3,5,0,0,0,
353,Myles Harden,24,CLE,CB,3,2,0,0,0,0,1,0,0,0,0,0,0.0,7,5,2,0,0,0,
354,Jaden Hicks,23,KAN,DB,3,2,0,0,0,0,0,0,0,0,0,0,0.0,7,5,2,0,0,0,
355,Alex Highsmith,28,PIT,LB,2,2,0,0,0,0,0,0,0,0,0,0,1.0,9,6,3,1,3,0,
356,Nate Hobbs,26,GNB,CB,2,2,0,0,0,0,0,0,0,0,0,0,0.0,3,3,0,1,0,0,
357,Adoree' Jackson,30,PHI,CB,3,2,0,0,0,0,2,0,0,0,0,0,0.0,13,9,4,0,0,0,
358,Tony Jefferson,33,LAC,S,2,2,1,0,0,0,3,0,0,0,0,0,0.0,10,6,4,0,0,0,
359,Josh Jobe,27,SEA,CB,3,2,1,0,0,0,3,0,0,0,0,0,0.0,17,13,4,0,0,0,
360,Jermaine Johnson II,26,NYJ,LB,2,2,0,0,0,0,1,0,0,0,0,0,0.0,7,2,5,0,0,0,
361,Mac Jones,27,SFO,QB,2,2,0,0,0,0,0,0,2,1,0,0,0.0,0,0,0,0,0,0,
362,Marcus Jones,27,NWE,CB,3,2,0,0,0,0,1,0,0,0,0,0,0.0,11,9,2,2,0,0,
363,Patrick Jones II,27,CAR,OLB,2,2,0,0,0,0,1,0,0,0,0,0,0.0,5,4,1,1,1,0,
364,Sebastian Joseph-Day,30,TEN,DE,3,2,0,0,0,0,0,0,0,1,0,0,0.0,10,5,5,0,1,0,
365,Calijah Kancey,24,TAM,DL,2,2,0,0,0,0,0,0,0,0,0,0,0.0,1,1,0,1,0,0,
366,George Karlaftis III,24,KAN,DE,3,2,0,0,0,0,1,0,0,0,0,0,2.0,16,11,5,5,6,0,
367,Arden Key,29,TEN,OLB,3,2,0,0,0,0,0,0,0,0,0,0,0.0,2,1,1,0,1,0,
368,Dalton Kincaid,26,BUF,TE,3,2,0,0,0,0,0,0,1,0,0,0,0.0,0,0,0,0,0,0,
369,Kamren Kinchens,23,LAR,S,3,2,0,0,0,0,2,0,0,0,0,0,0.0,21,13,8,0,0,0,
370,Laiatu Latu,24,IND,DE,2,2,1,6,0,6,1,0,0,0,0,0,0.0,4,3,1,0,0,0,
371,Julian Love,27,SEA,FS,2,2,0,0,0,0,1,0,0,0,0,0,1.0,12,9,3,1,1,0,
372,Khalil Mack,34,LAC,OLB,2,2,0,0,0,0,0,0,0,0,0,0,1.0,2,2,0,1,2,0,
373,Nnamdi Madubuike,28,BAL,DL,2,2,0,0,0,0,0,0,0,0,0,0,2.0,7,5,2,2,3,0,
374,Jacob Martin,30,WAS,DE,3,2,0,0,0,0,0,0,0,0,0,0,0.5,6,3,3,0,1,0,
375,J.J. McCarthy,22,MIN,QB,2,2,0,0,0,0,0,0,3,2,0,0,0.0,0,0,0,0,0,0,
376,Nick McCloud,27,CHI,CB,3,2,0,0,0,0,0,0,0,0,0,0,0.0,8,8,0,0,0,0,
377,Isaiah McDuffie,26,GNB,LB,3,2,0,0,0,0,0,0,0,0,0,0,0.0,12,6,6,1,0,0,
378,Ifeatu Melifonwu,26,MIA,S,2,2,0,0,0,0,0,0,0,0,0,0,0.0,10,9,1,0,0,0,
379,Matt Milano,31,BUF,LB,2,2,0,0,0,0,0,0,0,0,0,0,1.0,9,6,3,1,1,0,
380,Kenny Moore,30,IND,CB,3,2,1,32,1,32,2,1,0,0,0,0,1.0,10,6,4,1,1,0,
381,Andrew Mukuba,23,PHI,S,3,2,1,41,0,41,1,0,0,0,0,0,0.5,13,8,5,1,1,0,
382,Josh Newton,25,CIN,CB,3,2,0,0,0,0,0,0,0,0,0,0,0.0,4,4,0,0,0,0,
383,Moro Ojomo,24,PHI,DT,3,2,0,0,0,0,0,0,0,0,0,0,1.0,5,2,3,1,3,0,
384,Joseph Ossai,25,CIN,DE,3,2,0,0,0,0,0,0,0,0,0,0,1.0,4,3,1,1,2,0,
385,Micah Parsons,26,GNB,DL,3,2,0,0,0,0,0,0,0,0,0,0,1.5,5,3,2,1,6,0,
386,Jordan Phillips,21,MIA,DT,3,2,0,0,0,0,0,0,0,0,0,0,0.0,8,2,6,0,0,0,
387,Jalen Pitre,26,HOU,S,3,2,1,0,0,0,3,0,0,0,0,0,0.0,14,12,2,0,0,0,
388,Elandon Roberts,31,LVR,LB,3,2,0,0,0,0,0,0,0,0,0,0,0.0,11,7,4,1,0,0,
389,Jonas Sanker,23,NOR,S,3,2,0,0,0,0,0,0,0,0,0,0,0.0,11,7,4,0,0,0,
390,Noah Sewell,23,CHI,LB,3,2,0,0,0,0,0,0,0,0,0,0,0.0,25,16,9,1,0,0,
391,Chau Smith-Wade,23,CAR,CB,3,2,1,11,1,11,1,0,0,0,0,0,0.0,8,7,1,0,0,0,
392,Jack Stoll,27,NOR,TE,3,2,0,0,0,0,0,0,0,0,0,0,0.0,1,1,0,0,0,0,
393,Justin Strnad,29,DEN,LB,3,2,0,0,0,0,1,0,0,0,0,0,2.0,15,5,10,2,3,0,
394,Alontae Taylor,27,NOR,CB,3,2,0,0,0,0,3,0,0,0,0,0,1.0,10,6,4,2,1,0,
395,Mason Taylor,21,NYJ,TE,3,2,0,0,0,0,0,0,0,1,0,0,0.0,0,0,0,0,0,0,
396,AJ Terrell,27,ATL,CB,2,2,0,0,0,0,2,0,0,0,0,0,0.0,9,8,1,0,0,0,
397,Tommy Tremble,25,CAR,TE,3,2,0,0,0,0,0,0,0,0,0,0,0.0,1,1,0,0,0,0,
398,Dallas Turner,22,MIN,OLB,3,2,0,0,0,0,0,0,0,0,0,0,1.0,9,4,5,1,2,0,
399,DJ Turner,25,CIN,CB,3,2,1,7,0,7,5,0,0,0,0,0,0.0,6,4,2,0,0,0,
400,Kyle Van Noy,34,BAL,OLB,2,2,0,0,0,0,0,0,0,0,0,0,0.0,4,2,2,0,2,0,
401,Deone Walker,21,BUF,DT,3,2,0,0,0,0,0,0,0,0,0,0,0.0,4,4,0,0,0,0,
402,Charvarius Ward,29,IND,CB,2,2,0,0,0,0,2,0,0,0,0,0,0.0,7,5,2,0,0,0,
403,Tre'Davious White,30,BUF,CB,2,2,0,0,0,0,2,0,0,0,0,0,0.0,8,7,1,2,0,0,
404,Nate Wiggins,22,BAL,CB,3,2,1,61,0,61,4,0,0,0,0,0,0.0,10,8,2,1,0,0,
405,Evan Williams,24,GNB,S,3,2,1,0,0,0,1,0,0,0,0,0,0.0,14,7,7,0,0,0,
406,Garrett Williams,24,ARI,CB,2,2,0,0,0,0,1,0,0,0,0,0,0.0,11,7,4,0,0,0,
407,Eric Wilson,31,MIN,LB,3,2,0,0,0,0,0,2,0,0,0,0,0.0,17,9,8,1,0,0,
408,Payton Wilson,25,PIT,LB,3,2,0,0,0,0,0,0,0,1,0,0,1.0,22,16,6,2,2,0,
409,Deatrich Wise Jr.,31,WAS,DE,2,2,0,0,0,0,0,0,0,0,0,0,0.0,4,2,2,1,1,0,
410,Ahkello Witherspoon,30,LAR,CB,2,2,0,0,0,0,1,0,0,0,0,0,0.0,3,3,0,0,0,0,
411,D.J. Wonnum,28,CAR,OLB,3,2,1,0,0,0,2,0,0,0,0,0,0.0,6,2,4,1,1,0,
412,Nahshon Wright,27,CHI,CB,3,2,1,74,1,74,1,0,0,0,0,0,0.0,15,9,6,1,0,0,
413,Jamal Adams,30,LVR,S,3,1,0,0,0,0,0,0,0,0,0,0,0.0,8,6,2,0,1,0,
414,DeAundre Alford,28,ATL,CB,3,1,0,0,0,0,2,0,0,0,0,0,0.0,7,5,2,0,0,0,
415,Jalyn Armour-Davis,26,TEN,CB,1,1,0,0,0,0,0,0,0,0,0,0,0.0,1,1,0,0,0,0,
416,Jerome Baker,29,CLE,LB,3,1,0,0,0,0,0,0,0,0,0,0,0.0,4,1,3,0,0,0,
417,Jahdae Barron,24,DEN,CB,3,1,0,0,0,0,1,0,0,1,0,0,0.0,5,3,2,0,0,0,
418,Yahya Black,23,PIT,DE,3,1,0,0,0,0,0,0,0,0,0,0,0.0,7,2,5,0,0,0,
419,Julian Blackmon,27,NOR,S,1,1,0,0,0,0,1,0,0,0,0,0,0.0,7,4,3,0,0,0,
420,Mekhi Blackmon,26,IND,CB,3,1,0,0,0,0,0,0,0,0,0,0,0.0,13,10,3,0,0,0,
421,DaRon Bland,26,DAL,CB,1,1,0,0,0,0,0,0,0,0,0,0,0.0,3,2,1,0,0,0,
422,Bobby Brown,25,CAR,NT,3,1,0,0,0,0,0,0,0,0,0,0,0.0,6,3,3,1,0,0,
423,Ji'Ayir Brown,25,SFO,S,3,1,0,0,0,0,1,0,0,0,0,0,0.0,6,3,3,0,0,0,
424,Sydney Brown,25,PHI,S,3,1,0,0,0,0,0,0,0,0,0,0,0.0,6,2,4,0,0,0,
425,Denzel Burke,23,ARI,CB,3,1,0,0,0,0,3,0,0,0,0,0,0.0,2,2,0,0,0,0,
426,Oren Burks,30,CIN,LB,3,1,0,0,0,0,0,1,0,0,0,0,0.0,11,5,6,1,0,0,
427,Abdul Carter,22,NYG,LB,3,1,0,0,0,0,0,0,0,0,0,0,0.5,8,5,3,1,3,0,
428,Blake Cashman,29,MIN,LB,1,1,0,0,0,0,0,0,0,0,0,0,0.0,3,2,1,0,0,0,
429,Chuck Clark,30,PIT,S,3,1,0,0,0,0,0,0,0,0,0,0,0.0,22,15,7,1,1,0,
430,Micheal Clemons,28,NYJ,DL,3,1,0,0,0,0,0,0,0,0,0,0,0.0,4,1,3,1,0,0,
431,Ashtyn Davis,29,MIA,S,3,1,0,0,0,0,1,0,0,0,0,0,0.0,5,4,1,1,0,0,
432,Quandre Diggs,32,TEN,FS,3,1,0,0,0,0,0,0,0,0,0,0,0.0,4,3,1,0,0,0,
433,Storm Duck,25,MIA,CB,1,1,0,0,0,0,1,0,0,0,0,0,0.0,2,1,1,0,0,0,
434,Bud Dupree,32,LAC,OLB,3,1,0,0,0,0,1,0,0,0,0,0,0.0,3,1,2,0,0,0,
435,Cobie Durant,27,LAR,CB,3,1,1,0,0,0,2,0,0,0,0,0,0.0,7,6,1,0,0,0,
436,Payne Durham,25,TAM,TE,3,1,0,0,0,0,0,0,0,0,0,0,0.0,1,0,1,0,0,0,
437,Samson Ebukam,30,IND,DE,3,1,0,0,0,0,0,0,0,0,0,0,1.0,5,4,1,2,3,0,
438,Brandin Echols,28,PIT,CB,3,1,1,0,0,0,1,0,0,0,0,0,0.0,8,6,2,1,0,0,
439,T.J. Edwards,29,CHI,LB,1,1,0,0,0,0,0,0,0,0,0,0,0.0,4,0,4,0,0,0,
440,DeShon Elliott,28,PIT,S,1,1,0,0,0,0,0,0,0,0,0,0,0.0,6,5,1,0,0,0,
441,Folorunso Fatukasi,30,HOU,DT,3,1,0,0,0,0,0,0,0,0,0,0,1.5,7,5,2,1,2,0,
442,Poona Ford,30,LAR,NT,3,1,0,0,0,0,0,0,0,0,0,0,1.0,4,2,2,1,2,0,
443,Leki Fotu,27,LVR,DT,2,1,0,0,0,0,0,0,0,0,0,0,0.0,2,1,1,1,0,0,
444,Greg Gaines,29,TAM,DL,3,1,0,0,0,0,0,0,0,0,0,0,1.0,2,1,1,1,1,0,
445,Neville Gallimore,28,IND,DT,3,1,0,0,0,0,1,0,0,0,0,0,1.0,1,1,0,1,2,0,
446,Luke Gifford,30,SFO,LB,3,1,0,0,0,0,0,0,0,0,0,0,0.0,9,1,8,0,0,0,
447,Eddie Goldman,31,WAS,DT,3,1,0,0,0,0,0,0,0,0,0,0,0.0,4,1,3,1,0,0,
448,Kylen Granson,27,PHI,TE,3,1,0,0,0,0,0,0,0,0,0,0,0.0,5,3,2,0,0,0,
449,Daniel Hardy,27,CHI,DL,3,1,0,0,0,0,0,0,0,0,0,0,0.0,6,3,3,0,0,0,
450,Gunnar Helm,23,TEN,TE,3,1,0,0,0,0,0,0,0,0,0,0,0.0,1,1,0,0,0,0,
451,Nick Herbig,24,PIT,LB,2,1,1,41,0,41,1,1,0,0,0,0,1.0,5,3,2,3,5,0,
452,Elijah Higgins,25,ARI,TE,3,1,0,0,0,0,0,0,0,0,0,0,0.0,2,0,2,0,0,0,
453,Jay Higgins,23,BAL,LB,3,1,0,0,0,0,0,0,0,0,0,0,0.0,1,0,1,0,0,0,
454,Cole Holcomb,29,PIT,LB,3,1,0,0,0,0,0,1,0,0,0,0,0.0,8,7,1,0,0,0,
455,Travis Hunter,22,JAX,WR,3,1,0,0,0,0,1,0,0,0,0,0,0.0,9,6,3,0,0,0,
456,Jakob Johnson,31,HOU,FB,3,1,0,0,0,0,0,0,0,0,0,0,0.0,1,1,0,0,0,0,
457,Jaylon Johnson,26,CHI,DB,1,1,0,0,0,0,0,0,0,0,0,0,0.0,2,2,0,0,0,0,
458,Taron Johnson,29,BUF,CB,2,1,0,0,0,0,1,0,0,0,0,0,0.0,10,8,2,1,0,0,
459,Jarrian Jones,24,JAX,CB,3,1,0,0,0,0,1,0,0,0,0,0,0.0,6,6,0,0,0,0,
460,Jonah Laulu,25,LVR,DT,3,1,0,0,0,0,0,0,0,0,0,0,3.0,8,5,3,4,3,0,
461,Hunter Luepke,25,DAL,RB,3,1,0,0,0,0,0,0,0,0,0,0,0.0,2,0,2,0,0,0,
462,James Lynch,26,TEN,DL,3,1,0,0,0,0,0,0,0,0,0,0,0.0,5,3,2,0,0,0,
463,Marcus Mariota,32,WAS,QB,1,1,0,0,0,0,0,0,1,0,0,0,0.0,0,0,0,0,0,0,
464,Roger McCreary,25,TEN,CB,3,1,1,0,0,0,2,0,0,0,0,0,0.0,14,9,5,0,0,0,
465,Micah McFadden,25,NYG,LB,1,1,0,0,0,0,0,0,0,0,0,0,0.0,3,2,1,0,1,0,
466,Ryan Miller,25,TAM,WR,3,1,0,0,0,0,0,0,0,0,0,0,0.0,4,3,1,0,0,0,
467,Marvin Mims,23,DEN,WR,3,1,0,0,0,0,0,0,1,0,0,0,0.0,0,0,0,0,0,0,
468,Elijah Molden,26,LAC,DB,1,1,0,0,0,0,0,0,0,0,0,0,0.0,4,4,0,0,0,0,
469,Malachi Moore,24,NYJ,DB,3,1,0,0,0,0,0,0,0,0,0,0,0.0,10,3,7,0,0,0,
470,Darius Muasau,24,NYG,LB,2,1,0,0,0,0,0,0,0,0,0,0,0.0,3,2,1,0,0,0,
471,Derrick Nnadi,29,KAN,DT,3,1,0,0,0,0,0,0,0,0,0,0,0.0,5,2,3,0,0,0,
472,Omarr Norman-Lott,23,KAN,DT,2,1,0,0,0,0,0,0,0,0,0,0,1.0,5,4,1,1,1,0,
473,Pat O'Connor,32,DET,DL,3,1,0,0,0,0,0,0,0,0,0,0,0.0,5,2,3,0,0,0,
474,Ty Okada,26,SEA,FS,3,1,0,0,0,0,0,0,0,0,0,0,0.5,10,8,2,0,1,0,
475,Oluwafemi Oladejo,22,TEN,OLB,3,1,0,0,0,0,0,0,0,0,0,0,0.0,6,1,5,0,1,0,
476,Ed Oliver,28,BUF,DT,1,1,0,0,0,0,0,1,0,0,0,0,1.0,6,6,0,3,2,0,
477,Odafe Oweh,27,BAL,OLB,3,1,0,0,0,0,0,0,0,0,0,0,0.0,4,1,3,1,5,0,
478,Jabrill Peppers,30,PIT,S,2,1,0,0,0,0,0,0,0,1,0,0,0.0,6,2,4,0,0,0,
479,Joey Porter Jr.,25,PIT,CB,1,1,0,0,0,0,0,0,0,0,0,0,0.0,1,1,0,0,0,0,
480,Jarran Reed,33,SEA,NT,3,1,0,0,0,0,0,0,0,0,0,0,1.0,10,5,5,1,5,0,
481,Chris Rodriguez,25,WAS,RB,1,1,0,0,0,0,0,0,0,0,0,0,0.0,1,1,0,0,0,0,
482,Nic Scourton,21,CAR,OLB,3,1,0,0,0,0,1,0,0,0,0,0,0.0,2,0,2,0,0,0,
483,Trenton Simpson,24,BAL,LB,3,1,0,0,0,0,0,0,0,0,0,0,0.0,6,4,2,1,0,0,
484,Ben Skowronek,28,PIT,WR,3,1,0,0,0,0,0,0,0,1,0,0,0.0,3,1,2,0,0,0,
485,Arian Smith,24,NYJ,WR,3,1,0,0,0,0,0,0,0,0,0,0,0.0,1,1,0,0,0,0,
486,Jonnu Smith,30,PIT,TE,3,1,0,0,0,0,0,0,1,0,0,0,0.0,0,0,0,0,0,0,
487,Reddy Steward,24,DAL,CB,3,1,0,0,0,0,1,0,0,0,0,0,0.0,10,6,4,2,0,0,
488,Shemar Stewart,22,CIN,DE,2,1,0,0,0,0,0,0,0,0,0,0,0.0,2,1,1,0,0,0,
489,Upton Stout,23,SFO,CB,3,1,0,0,0,0,2,0,0,0,0,0,1.0,11,8,3,1,1,0,
490,Dorian Strong,23,BUF,CB,3,1,0,0,0,0,0,0,0,0,0,0,0.0,6,5,1,0,0,0,
491,T'Vondre Sweat,24,TEN,NT,1,1,0,0,0,0,0,0,0,0,0,0,0.0,2,2,0,0,0,0,
492,Tyrod Taylor,36,NYJ,QB,2,1,0,0,0,0,0,0,1,0,0,0,0.0,0,0,0,0,0,0,
493,Cam Taylor-Britt,26,CIN,CB,2,1,0,0,0,0,2,0,0,0,0,0,0.0,4,2,2,0,0,0,
494,Juan Thornhill,30,PIT,S,3,1,0,0,0,0,0,0,0,1,0,0,0.0,22,12,10,0,0,0,
495,Jerry Tillery,29,KAN,DL,3,1,0,0,0,0,0,0,0,0,0,0,0.0,2,2,0,1,0,0,
496,Dante Trader,22,MIA,S,3,1,0,0,0,0,0,0,0,0,0,0,0.0,8,6,2,0,0,0,
497,Brycen Tremayne,26,CAR,WR,3,1,0,0,0,0,0,0,0,0,0,0,0.0,5,2,3,0,0,0,
498,Carrington Valentine,24,GNB,CB,3,1,0,0,0,0,0,0,0,0,0,0,0.0,4,3,1,0,0,0,
499,Andrew Van Ginkel,30,MIN,OLB,2,1,0,0,0,0,2,0,0,0,0,0,2.0,7,5,2,2,1,0,
500,Lukas Van Ness,24,GNB,DL,3,1,0,0,0,0,0,0,0,0,0,0,0.5,9,5,4,2,4,0,
501,Tylan Wallace,26,BAL,WR,3,1,0,0,0,0,0,0,0,1,0,0,0.0,3,2,1,0,0,0,
502,Broderick Washington Jr.,29,BAL,DL,3,1,0,0,0,0,1,0,0,0,0,0,0.0,4,1,3,0,0,0,
503,Tershawn Wharton,27,CAR,DT,1,1,0,0,0,0,0,0,0,0,0,0,0.0,4,1,3,0,0,0,
504,Tyree Wilson,25,LVR,DE,3,1,0,0,0,0,1,0,0,0,0,0,1.0,5,4,1,1,2,0,
505,Devon Witherspoon,25,SEA,CB,1,1,0,0,0,0,0,0,0,0,0,0,0.0,8,7,1,1,0,0,
506,Isaac Yiadom,29,NOR,CB,3,1,0,0,0,0,0,0,0,0,0,0,0.0,13,10,3,1,0,0,
507,Yasir Abdullah,25,JAX,LB,3,0,0,0,0,0,0,0,0,0,0,0,0.0,1,0,1,0,0,0,
508,Kris Abrams-Draine,24,DEN,CB,3,0,0,0,0,0,0,0,0,0,0,0,0.0,2,2,0,0,0,0,
509,Adetomiwa Adebawore,24,IND,DT,3,0,0,0,0,0,0,0,0,0,0,0,0.0,6,3,3,1,0,0,
510,Austin Ajiake,25,IND,LB,2,0,0,0,0,0,0,0,0,0,0,0,0.0,6,2,4,0,0,0,
511,Darius Alexander,25,NYG,DT,2,0,0,0,0,0,0,0,0,0,0,0,0.0,2,1,1,0,1,0,
512,Jaire Alexander,28,BAL,CB,1,0,0,0,0,0,0,0,0,0,0,0,0.0,3,2,1,0,0,0,
513,Rasheen Ali,24,BAL,RB,3,0,0,0,0,0,0,0,0,0,0,0,0.0,3,2,1,0,0,0,
514,Tycen Anderson,26,CIN,S,3,0,0,0,0,0,0,0,0,0,0,0,0.0,7,3,4,0,0,0,
515,Zayne Anderson,28,GNB,S,1,0,0,0,0,0,0,0,0,0,0,0,0.0,2,1,1,0,0,0,
516,Joe Andreessen,25,BUF,LB,3,0,0,0,0,0,0,0,0,0,0,0,0.0,5,3,2,0,0,0,
517,Cornell Armstrong,30,MIA,CB,1,0,0,0,0,0,0,0,0,0,0,0,0.0,1,1,0,0,0,0,
518,Alex Bachman,29,LVR,WR,2,0,0,0,0,0,0,0,0,0,0,0,0.0,1,0,1,0,0,0,
519,Tyler Badie,25,DEN,RB,3,0,0,0,0,0,0,0,0,0,0,0,0.0,3,1,2,0,0,0,
520,Tyson Bagent,25,CHI,QB,1,0,0,0,0,0,0,0,1,0,0,0,0.0,0,0,0,0,0,0,
521,Darrell Baker,27,TEN,CB,3,0,0,0,0,0,0,0,0,0,0,0,0.0,9,4,5,0,0,0,
522,Corey Ballentine,29,NWE,CB,1,0,0,0,0,0,0,0,0,0,0,0,0.0,1,0,1,0,0,0,
523,Deonte Banks,24,NYG,CB,3,0,0,0,0,0,1,0,0,0,0,0,0.0,7,7,0,2,0,0,
524,Derek Barnett,29,HOU,DE,3,0,0,0,0,0,0,0,0,0,0,0,0.0,1,0,1,0,2,0,
525,Tyler Baron,24,NYJ,DE,2,0,0,0,0,0,0,0,0,0,0,0,0.0,3,1,2,0,0,0,
526,Jeffrey Bassa,23,KAN,LB,3,0,0,0,0,0,0,0,0,0,0,0,0.0,3,3,0,0,0,0,
527,Jake Bates,26,DET,K,3,0,0,0,0,0,0,0,0,0,0,0,0.0,2,2,0,0,0,0,
528,Andrew Beck,29,NYJ,FB,3,0,0,0,0,0,0,0,0,0,0,0,0.0,1,0,1,0,0,0,
529,Nick Bellore,36,WAS,LB,3,0,0,0,0,0,0,0,0,0,0,0,0.0,2,2,0,0,0,0,
530,Dane Belton,25,NYG,S,3,0,0,0,0,0,1,0,0,0,0,0,0.0,13,6,7,0,0,0,
531,Jakorian Bennett,25,PHI,CB,3,0,0,0,0,0,1,0,0,0,0,0,0.0,6,6,0,0,0,0,
532,JD Bertrand,25,ATL,LB,3,0,0,0,0,0,0,0,0,0,0,0,0.0,1,0,1,0,0,0,
533,Tatum Bethune,24,SFO,LB,3,0,0,0,0,0,0,0,0,0,0,0,0.0,4,3,1,0,0,0,
534,Tank Bigsby,24,PHI,RB,2,0,0,0,0,0,0,0,0,0,0,0,0.0,1,1,0,0,0,0,
535,Andrew Billings,30,CHI,DL,3,0,0,0,0,0,0,0,0,0,0,0,0.0,4,1,3,0,0,0,
536,Josh Blackwell,26,CHI,DB,2,0,0,0,0,0,0,0,0,0,0,0,0.0,1,1,0,0,0,0,
537,Chris Board,30,NYG,LB,2,0,0,0,0,0,0,0,0,0,0,0,0.0,3,2,1,0,0,0,
538,Jacob Bobenmoyer,28,LVR,LS,3,0,0,0,0,0,0,0,0,0,0,0,0.0,1,0,1,0,0,0,
539,Billy Bowman,22,ATL,DB,3,0,1,0,0,0,2,0,0,0,0,0,0.5,14,7,7,0,1,0,
540,Swayze Bozeman,27,NYG,LB,2,0,0,0,0,0,0,0,0,0,0,0,0.0,2,0,2,0,0,0,
541,Beau Brade,23,NYG,S,2,0,0,0,0,0,0,0,0,0,0,0,0.0,1,0,1,0,0,0,
542,Blake Brandel,28,MIN,G,3,0,0,0,0,0,0,0,0,1,0,0,0.0,0,0,0,0,0,0,
543,Chris Braswell,24,TAM,OLB,3,0,0,0,0,0,0,0,0,0,0,0,0.0,2,2,0,0,0,0,
544,Trikweze Bridges,25,DAL,CB,3,0,0,0,0,0,0,0,0,0,0,0,0.0,4,3,1,0,0,0,
545,Jowon Briggs,24,NYJ,DT,3,0,0,0,0,0,0,1,0,0,0,0,1.0,6,4,2,1,2,0,
546,K.J. Britt,26,MIA,LB,3,0,0,0,0,0,0,0,0,0,0,0,0.0,2,1,1,0,0,0,
547,Chris Brooks,25,GNB,RB,3,0,0,0,0,0,0,0,0,0,0,0,0.0,4,0,4,0,0,0,
548,Karl Brooks,25,GNB,DL,3,0,0,0,0,0,0,0,0,0,0,0,0.5,4,1,3,0,2,0,
549,Tahj Brooks,23,CIN,RB,3,0,0,0,0,0,0,0,0,0,0,0,0.0,4,4,0,0,0,0,
550,Vernon Broughton,24,NOR,DT,1,0,0,0,0,0,0,0,0,0,0,0,0.0,3,0,3,0,0,0,
551,Mike Brown,26,TEN,S,3,0,0,0,0,0,0,0,0,0,0,0,0.0,1,1,0,0,0,0,
552,Carson Bruener,24,PIT,LB,3,0,0,0,0,0,0,0,0,0,0,0,0.0,3,1,2,0,0,0,
553,Jonathan Bullard,32,NOR,DE,2,0,0,0,0,0,0,0,0,0,0,0,0.0,2,2,0,0,0,0,
554,John Bullock,24,TAM,LB,3,0,0,0,0,0,0,0,0,0,0,0,0.0,3,1,2,0,0,0,
555,Jordan Burch,24,ARI,OLB,3,0,0,0,0,0,0,0,0,0,0,0,0.0,5,4,1,0,0,0,
556,Terrell Burgess,27,NOR,S,2,0,0,0,0,0,0,0,0,0,0,0,0.0,2,1,1,0,0,0,
557,Matthew Butler,26,MIA,DT,3,0,0,0,0,0,0,0,0,0,0,0,0.0,6,3,3,0,0,0,
558,Percy Butler,25,WAS,S,3,0,0,0,0,0,0,0,0,0,0,0,0.0,4,3,1,0,0,0,
559,Jamaree Caldwell,25,LAC,DT,3,0,0,0,0,0,0,0,0,0,0,0,1.0,5,3,2,1,1,0,
560,Dalevon Campbell,24,CAR,WR,1,0,0,0,0,0,0,0,0,0,0,0,0.0,1,1,0,0,0,0,
561,Elijah Campbell,30,MIA,DB,3,0,0,0,0,0,0,0,0,0,0,0,0.0,1,1,0,0,0,0,
562,Barrett Carter,23,CIN,LB,3,0,0,0,0,0,0,0,0,0,0,0,0.0,8,4,4,0,0,0,
563,Nathan Carter,23,ATL,RB,2,0,0,0,0,0,0,0,1,0,0,0,0.0,0,0,0,0,0,0,
564,Chaz Chambliss,23,MIN,OLB,3,0,0,0,0,0,0,0,0,0,0,0,1.0,5,4,1,1,1,0,
565,Zion Childress,23,DAL,DB,2,0,0,0,0,0,0,0,0,0,0,0,0.0,1,0,1,0,0,0,
566,Dean Clark,24,NYJ,S,1,0,0,0,0,0,0,0,0,0,0,0,0.0,2,1,1,0,0,0,
567,Kei'Trel Clark,24,ARI,CB,2,0,0,0,0,0,1,0,0,0,0,0,0.0,7,4,3,0,0,0,
568,Jack Cochrane,26,KAN,LB,3,0,0,0,0,0,0,0,0,0,0,0,0.0,1,0,1,0,0,0,
569,Brandon Codrington,25,BUF,CB,3,0,0,0,0,0,0,0,1,1,0,0,0.0,0,0,0,0,0,0,
570,Jordan Colbert,25,MIA,S,1,0,0,0,0,0,0,0,0,0,0,0,0.0,1,1,0,0,0,0,
571,L.J. Collier,30,ARI,DL,2,0,0,0,0,0,0,0,0,0,0,0,0.0,1,1,0,0,0,0,
572,Alfred Collins,24,SFO,DT,3,0,0,0,0,0,0,0,0,0,0,0,0.0,3,0,3,0,1,0,
573,Beaux Collins,23,NYG,WR,3,0,0,0,0,0,0,0,0,0,0,0,0.0,2,0,2,0,0,0,
574,Zaven Collins,26,ARI,OLB,3,0,0,0,0,0,0,0,0,1,3,1,0.0,9,3,6,0,5,0,
575,Kitan Crawford,24,ARI,S,3,0,0,0,0,0,0,0,0,0,0,0,0.0,3,2,1,0,0,0,
576,Jeremy Crawshaw,24,DEN,P,3,0,0,0,0,0,0,0,0,0,0,0,0.0,1,0,1,0,0,0,
577,Howard Cross III,24,CIN,DT,1,0,0,0,0,0,0,0,0,0,0,0,0.0,1,1,0,0,0,0,
578,Jaden Crumedy,25,CAR,DT,3,0,0,0,0,0,0,0,0,0,0,0,0.0,2,0,2,0,0,0,
579,Zach Cunningham,31,DET,LB,3,0,0,0,0,0,0,0,0,0,0,0,0.0,6,4,2,1,0,0,
580,Scott Daly,31,CHI,LS,3,0,0,0,0,0,0,0,0,0,0,0,0.0,1,0,1,0,0,0,
581,Derius Davis,25,LAC,WR,3,0,0,0,0,0,0,0,1,1,0,0,0.0,0,0,0,0,0,0,
582,Isaiah Davis,23,NYJ,RB,3,0,0,0,0,0,0,0,0,0,0,0,0.0,3,0,3,0,0,0,
583,Kaden Davis,27,CLE,WR,1,0,0,0,0,0,0,0,0,0,0,0,0.0,1,0,1,0,0,0,
584,Ray Davis,26,BUF,RB,3,0,0,0,0,0,0,0,0,0,0,0,0.0,1,0,1,0,0,0,
585,Tyler Davis,25,LAR,DE,3,0,0,0,0,0,0,0,0,0,0,0,1.0,11,3,8,1,1,0,
586,Josiah Deguara,28,ARI,TE,1,0,0,0,0,0,0,0,0,0,0,0,0.0,1,1,0,0,0,0,
587,Emari Demercado,26,ARI,RB,3,0,0,0,0,0,0,0,0,0,0,0,0.0,1,1,0,0,0,0,
588,Andrew DePaola,38,MIN,LS,3,0,0,0,0,0,0,0,0,0,0,0,0.0,1,0,1,0,0,0,
589,Mohamoud Diabate,24,CLE,LB,3,0,0,0,0,0,0,0,0,0,0,0,0.0,6,2,4,0,0,0,
590,Shaun Dolac,24,LAR,LB,3,0,0,0,0,0,0,0,0,0,0,0,0.0,5,3,2,0,0,0,
591,Khalil Dorsey,27,DET,CB,3,0,0,0,0,0,0,0,0,0,0,0,0.0,3,3,0,0,0,0,
592,Greg Dortch,27,ARI,WR,3,0,0,0,0,0,0,0,0,0,0,0,0.0,1,0,1,0,0,0,
593,Ashton Dulin,28,IND,WR,3,0,0,0,0,0,0,0,0,0,0,0,0.0,2,1,1,0,0,0,
594,Cory Durden,26,NWE,NT,3,0,0,0,0,0,0,0,0,0,0,0,0.0,3,0,3,0,0,0,
595,Devin Duvernay,28,CHI,WR,3,0,0,0,0,0,0,0,0,0,0,0,0.0,1,1,0,0,0,0,
596,Justin Eboigbe,24,LAC,DL,3,0,0,0,0,0,0,0,0,0,0,0,0.0,3,1,2,0,1,0,
597,Tommy Eichenberg,24,LVR,LB,3,0,0,0,0,0,0,0,0,0,0,0,0.0,3,2,1,0,0,0,
598,Daniel Ekuale,31,PIT,DT,3,0,0,0,0,0,1,0,0,0,0,0,0.0,5,3,2,0,0,0,
599,Jonah Elliss,22,DEN,OLB,3,0,0,0,0,0,1,1,0,0,0,0,1.0,8,7,1,3,2,0,
600,Nick Emmanwori,21,SEA,S,1,0,0,0,0,0,0,0,0,0,0,0,0.0,1,1,0,1,0,0,
601,Kingsley Enagbare,25,GNB,DL,3,0,0,0,0,0,0,0,0,0,0,0,0.0,5,2,3,0,1,0,
602,A.J. Epenesa,27,BUF,DE,3,0,0,0,0,0,0,0,0,1,0,0,0.0,3,3,0,0,1,0,
603,Marcus Epps,29,PHI,S,3,0,0,0,0,0,0,0,0,0,0,0,0.0,1,1,0,0,0,0,
604,Trevor Etienne,21,CAR,RB,3,0,0,0,0,0,0,0,1,0,0,0,0.0,0,0,0,0,0,0,
605,Akayleb Evans,26,CAR,CB,3,0,0,0,0,0,0,0,0,0,0,0,0.0,2,2,0,0,0,0,
606,Donovan Ezeiruaku,22,DAL,DE,3,0,0,0,0,0,0,0,0,0,0,0,0.0,3,2,1,0,3,0,
607,Ka'imi Fairbairn,31,HOU,K,3,0,0,0,0,0,0,0,0,0,0,0,0.0,1,1,0,0,0,0,
608,Joshua Farmer,22,NWE,DT,3,0,0,0,0,0,0,0,0,0,0,0,0.0,2,1,1,1,0,0,
609,Simi Fehoko,28,ARI,WR,2,0,0,0,0,0,0,0,0,0,0,0,0.0,1,1,0,0,0,0,
610,Tai Felton,22,MIN,WR,3,0,0,0,0,0,0,0,0,0,0,0,0.0,4,4,0,0,0,0,
611,Ryan Flournoy,26,DAL,WR,3,0,0,0,0,0,0,0,0,0,0,0,0.0,2,2,0,0,0,0,
612,Dallis Flowers,28,CHI,CB,1,0,0,0,0,0,0,0,0,0,0,0,0.0,1,1,0,0,0,0,
613,Jaylan Ford,24,NOR,LB,3,0,0,0,0,0,0,0,0,0,0,0,0.0,1,0,1,0,0,0,
614,Mike Ford,30,ATL,CB,3,0,0,0,0,0,0,0,0,1,0,0,0.0,3,2,1,0,0,0,
615,Mitchell Fraboni,29,DEN,LS,3,0,0,0,0,0,0,0,0,0,0,0,0.0,2,1,1,0,0,0,
616,Sam Franklin,29,BUF,S,3,0,0,0,0,0,0,0,0,0,0,0,0.0,4,3,1,0,0,0,
617,Feleipe Franks,28,ATL,TE,3,0,0,0,0,0,0,0,0,0,0,0,0.0,1,1,0,0,0,0,
618,Kristian Fulton,27,KAN,CB,2,0,0,0,0,0,0,0,0,0,0,0,0.0,1,1,0,0,0,0,
619,Kenneth Gainwell,26,PIT,RB,3,0,0,0,0,0,0,1,1,1,0,0,0.0,1,1,0,0,0,0,
620,Elijah Garcia,27,NYG,DL,3,0,0,0,0,0,0,0,0,0,0,0,1.0,4,2,2,1,1,0,
621,Willie Gay Jr.,27,MIA,LB,3,0,0,0,0,0,0,0,0,0,0,0,0.0,3,1,2,1,0,0,
622,Jack Gibbens,27,NWE,LB,3,0,0,0,0,0,0,0,0,0,0,0,0.0,5,4,1,1,0,0,
623,Antonio Gibson,27,NWE,RB,3,0,0,0,0,0,0,0,1,0,0,0,0.0,0,0,0,0,0,0,
624,Reggie Gilliam,28,BUF,FB,3,0,0,0,0,0,0,0,0,0,0,0,0.0,2,0,2,0,0,0,
625,Ashton Gillotte,23,KAN,DE,3,0,0,0,0,0,0,0,0,0,0,0,0.0,4,2,2,1,1,0,
626,Xavier Gipson,24,NYJ,WR,1,0,0,0,0,0,0,0,1,0,0,0,0.0,1,1,0,0,0,0,
627,Chauncey Golston,27,NYG,DL,2,0,0,0,0,0,0,0,0,0,0,0,0.0,2,2,0,0,0,0,
628,Cameron Goode,27,MIA,LB,3,0,0,0,0,0,0,0,0,0,0,0,0.0,4,1,3,0,0,0,
629,Anthony Goodlow,25,ARI,DL,1,0,0,0,0,0,0,0,0,0,0,0,0.0,1,0,1,0,0,0,
630,C.J. Goodwin,35,DAL,CB,3,0,0,0,0,0,0,0,0,0,0,0,0.0,3,1,2,0,0,0,
631,Cam Grandy,25,CIN,TE,1,0,0,0,0,0,0,0,1,0,0,0,0.0,0,0,0,0,0,0,
632,Art Green,25,NYG,CB,3,0,0,0,0,0,0,0,0,0,0,0,0.0,3,3,0,0,0,0,
633,Mike Green,22,BAL,OLB,3,0,0,0,0,0,0,0,0,0,0,0,0.0,7,3,4,0,2,0,
634,Yetur Gross-Matos,27,SFO,DL,3,0,0,0,0,0,0,0,0,0,0,0,0.0,1,1,0,0,1,0,
635,Derick Hall,24,SEA,OLB,3,0,0,0,0,0,0,0,0,0,0,0,0.0,5,2,3,0,4,0,
636,Ty Hamilton,23,LAR,DT,2,0,0,0,0,0,0,0,0,0,0,0,0.0,2,0,2,0,0,0,
637,Damar Hamlin,27,BUF,S,3,0,0,0,0,0,0,0,0,0,0,0,0.0,1,1,0,0,0,0,
638,Nick Hampton,25,LAR,OLB,2,0,0,0,0,0,0,0,0,0,0,0,0.0,1,0,1,0,0,0,
639,Jake Hansen,27,HOU,LB,3,0,0,0,0,0,0,0,0,0,0,0,0.0,2,1,1,0,0,0,
640,Derrick Harmon,22,PIT,DT,1,0,0,0,0,0,0,0,0,0,0,0,1.0,2,2,0,1,1,0,
641,Jaylen Harrell,23,TEN,OLB,3,0,0,0,0,0,0,0,0,0,0,0,0.0,4,2,2,0,0,0,
642,Christian Harris,24,HOU,LB,3,0,0,0,0,0,1,0,0,0,0,0,0.0,3,3,0,0,0,0,
643,Shelby Harris,34,CLE,DT,3,0,0,0,0,0,1,0,0,0,0,0,0.0,3,1,2,1,0,0,
644,Malik Harrison,27,PIT,OLB,1,0,0,0,0,0,0,0,0,0,0,0,0.0,2,1,1,0,0,0,
645,Cam Hart,25,LAC,CB,2,0,0,0,0,0,0,0,0,0,0,0,0.0,6,6,0,0,0,0,
646,Hassan Haskins,26,LAC,RB,3,0,0,0,0,0,0,0,0,0,0,0,0.0,3,2,1,0,0,0,
647,Josh Hayes,26,TAM,DB,3,0,0,0,0,0,0,0,0,0,0,0,0.0,3,1,2,0,0,0,
648,Malik Heath,25,GNB,WR,3,0,0,0,0,0,0,0,0,0,0,0,0.0,1,1,0,0,0,0,
649,Johnny Hekker,35,TEN,P,3,0,0,0,0,0,0,0,0,0,0,0,0.0,1,1,0,0,0,0,
650,DeMarcco Hellams,25,ATL,S,2,0,0,0,0,0,0,0,0,1,0,0,0.0,3,1,2,0,0,0,
651,Neville Hewitt,32,NYG,LB,1,0,0,0,0,0,0,0,0,0,0,0,0.0,2,2,0,0,0,0,
652,Shaka Heyward,25,CIN,LB,3,0,0,0,0,0,0,0,0,0,0,0,0.0,3,0,3,0,0,0,
653,Elijah Hicks,26,CHI,DB,3,0,0,0,0,0,0,0,0,0,0,0,0.0,2,1,1,0,0,0,
654,Justice Hill,28,BAL,RB,3,0,0,0,0,0,0,0,1,1,0,0,0.0,0,0,0,0,0,0,
655,George Holani,26,SEA,RB,3,0,0,0,0,0,0,0,1,0,0,0,0.0,1,0,1,0,0,0,
656,Darnay Holmes,27,LVR,CB,3,0,0,0,0,0,0,0,0,0,0,0,0.0,5,2,3,0,0,0,
657,Jalyn Holmes,29,WAS,DE,1,0,0,0,0,0,0,0,0,0,0,0,0.0,1,0,1,0,0,0,
658,Ty'Ron Hopper,24,GNB,LB,3,0,0,0,0,0,0,0,0,0,0,0,0.0,2,2,0,0,0,0,
659,Dylan Horton,25,HOU,DE,3,0,0,0,0,0,0,0,0,0,0,0,0.5,4,3,1,0,1,0,
660,James Houston,27,DAL,DE,3,0,0,0,0,0,0,0,0,0,0,0,1.0,6,4,2,2,1,0,
661,Jordan Howden,25,NOR,DB,2,0,0,0,0,0,0,0,0,0,0,0,0.0,3,1,2,0,0,0,
662,Bryce Huff,27,SFO,DL,3,0,0,0,0,0,1,1,0,0,0,0,2.0,9,5,4,2,3,0,
663,Jake Hummel,26,BAL,LB,3,0,0,0,0,0,0,0,0,0,0,0,0.0,2,1,1,0,0,0,
664,Kareem Hunt,30,KAN,RB,3,0,0,0,0,0,0,0,1,1,0,0,0.0,0,0,0,0,0,0,
665,Adin Huntington,23,CLE,DT,3,0,0,0,0,0,0,0,0,0,0,0,0.5,7,3,4,0,1,0,
666,Ruben Hyppolite,24,CHI,LB,3,0,0,0,0,0,0,0,0,0,0,0,0.0,4,2,2,0,0,0,
667,Noah Igbinoghene,26,WAS,CB,3,0,0,0,0,0,2,0,0,0,0,0,0.0,4,3,1,0,0,0,
668,Thomas Incoom,26,CAR,OLB,3,0,0,0,0,0,0,0,0,0,0,0,0.0,3,2,1,0,0,0,
669,Ja'Marcus Ingram,28,BUF,CB,2,0,0,0,0,0,0,0,0,0,0,0,0.0,1,1,0,0,0,0,
670,Tyrion Ingram-Dawkins,22,MIN,DL,3,0,0,0,0,0,1,0,0,0,0,0,0.0,3,1,2,0,0,0,
671,DJ Ivey,25,CIN,CB,3,0,0,0,0,0,0,0,0,0,0,0,0.0,1,0,1,0,0,0,
672,Christian Izien,25,TAM,S,2,0,0,0,0,0,0,0,0,0,0,0,0.0,1,1,0,0,0,0,
673,Brennan Jackson,25,LVR,OLB,2,0,0,0,0,0,0,0,0,0,0,0,0.0,3,2,1,0,0,0,
674,Cam Jackson,23,CAR,DT,2,0,0,0,0,0,0,0,0,0,0,0,0.0,2,1,1,0,0,0,
675,Jordan Jackson,27,DEN,DL,3,0,0,0,0,0,0,0,0,0,0,0,0.0,5,2,3,0,1,0,
676,D.J. James,24,NWE,CB,1,0,0,0,0,0,0,0,0,0,0,0,0.0,1,1,0,0,0,0,
677,Javontae Jean-Baptiste,25,WAS,DE,2,0,0,0,0,0,0,0,0,0,0,0,1.0,3,2,1,1,1,0,
678,John Jenkins,36,BAL,DT,3,0,0,0,0,0,0,0,0,0,0,0,0.0,9,6,3,1,0,0,
679,Keonta Jenkins,23,BUF,LB,2,0,0,0,0,0,0,0,0,0,0,0,0.0,4,2,2,0,0,0,
680,Kris Jenkins,24,CIN,DT,3,0,0,0,0,0,0,0,0,0,0,0,1.5,11,6,5,1,2,0,
681,Rayshawn Jenkins,31,CLE,S,3,0,0,0,0,0,0,0,0,0,0,0,0.0,7,4,3,0,0,0,
682,Anfernee Jennings,28,NWE,LB,2,0,0,0,0,0,0,0,0,0,0,0,0.0,3,2,1,0,0,0,
683,Antonio Johnson,24,JAX,S,3,0,1,0,0,0,1,0,0,0,0,0,0.0,6,2,4,0,0,0,
684,Austin Johnson,31,JAX,DT,3,0,0,0,0,0,1,0,0,0,0,0,0.0,1,0,1,0,0,0,
685,DJ Johnson,27,CAR,OLB,3,0,0,0,0,0,0,0,0,0,0,0,0.0,1,1,0,0,0,0,
686,Eric Johnson,27,IND,DT,3,0,0,0,0,0,0,0,0,0,0,0,0.0,2,2,0,1,0,0,
687,Kaleb Johnson,22,PIT,RB,2,0,0,0,0,0,0,0,1,0,0,0,0.0,0,0,0,0,0,0,
688,Roschon Johnson,24,CHI,RB,2,0,0,0,0,0,0,0,0,0,0,0,0.0,3,3,0,0,0,0,
689,Ty Johnson,28,BUF,RB,3,0,0,0,0,0,0,0,0,0,0,0,0.0,2,1,1,0,0,0,
690,Will Johnson,22,ARI,CB,2,0,0,0,0,0,4,0,0,0,0,0,0.0,4,3,1,0,0,0,
691,Cam Jones,26,NYJ,LB,3,0,0,0,0,0,0,0,0,0,0,0,0.0,3,0,3,0,0,0,
692,Carl Jones,24,CHI,LB,2,0,0,0,0,0,0,0,0,0,0,0,0.0,3,1,2,0,0,0,
693,Charlie Jones,27,CIN,WR,3,0,0,0,0,0,0,0,0,1,0,0,0.0,0,0,0,0,0,0,
694,Deion Jones,31,TAM,MLB,3,0,0,0,0,0,0,0,0,0,0,0,0.0,4,3,1,0,0,0,
695,Jaylon Jones,28,CHI,CB,2,0,0,0,0,0,0,0,0,0,0,0,0.0,3,0,3,0,0,0,
696,Jonathan Jones,32,WAS,CB,2,0,0,0,0,0,0,0,0,0,0,0,0.0,2,1,1,0,0,0,
697,Naquan Jones,27,LAC,DL,2,0,0,0,0,0,1,0,0,0,0,0,0.0,3,2,1,0,0,0,
698,Nic Jones,24,NYG,CB,3,0,0,0,0,0,0,0,0,0,0,0,0.0,1,1,0,0,0,0,
699,Velus Jones Jr.,28,NOR,RB,3,0,0,0,0,0,0,0,0,0,0,0,0.0,1,1,0,0,0,0,
700,Matt Judon,33,MIA,OLB,3,0,0,0,0,0,0,0,0,0,0,0,0.0,3,1,2,0,0,0,
701,PJ Jules,24,CIN,S,3,0,0,0,0,0,0,0,0,0,0,0,0.0,3,2,1,1,0,0,
702,Sanoussi Kane,24,BAL,S,3,0,0,0,0,0,0,0,0,0,0,0,0.0,1,0,1,0,0,0,
703,Derion Kendrick,25,SEA,CB,3,0,2,0,0,0,5,0,0,0,0,0,0.0,5,2,3,0,0,0,
704,Kyle Kennard,24,LAC,OLB,1,0,0,0,0,0,0,0,0,0,0,0,0.0,1,0,1,0,0,0,
705,Devon Key,28,DEN,DB,3,0,0,0,0,0,0,0,0,0,0,0,0.0,6,5,1,0,0,0,
706,Austin Keys,23,MIN,LB,2,0,0,0,0,0,0,0,0,0,0,0,1.0,1,1,0,1,1,0,
707,Ko Kieft,27,TAM,TE,3,0,0,0,0,0,0,0,0,0,0,0,0.0,3,1,2,0,0,0,
708,Miles Killebrew,32,PIT,S,3,0,0,0,0,0,0,0,0,0,0,0,0.0,4,3,1,0,0,0,
709,Kobe King,22,MIN,LB,3,0,0,0,0,0,0,0,0,0,0,0,0.0,1,0,1,0,0,0,
710,Marshawn Kneeland,24,DAL,DE,3,0,0,0,0,0,0,0,0,0,0,0,1.0,7,4,3,3,1,0,
711,Kevin Knowles,22,KAN,CB,2,0,0,0,0,0,0,0,0,0,0,0,0.0,4,3,1,0,0,0,
712,Younghoe Koo,31,ATL,K,1,0,0,0,0,0,0,0,0,0,0,0,0.0,1,1,0,0,0,0,
713,Malcolm Koonce,27,LVR,DE,3,0,0,0,0,0,0,1,0,0,0,0,1.0,4,1,3,1,2,0,
714,Tanoh Kpassagnon,31,CHI,DL,3,0,0,0,0,0,0,0,0,0,0,0,1.0,4,3,1,1,2,0,
715,Tyler Lacy,26,DET,DT,1,0,0,0,0,0,0,0,0,0,0,0,0.0,1,1,0,0,0,0,
716,Chris Lammons,29,IND,CB,1,0,0,0,0,0,0,0,0,0,0,0,0.0,1,1,0,0,0,0,
717,Rayuan Lane,22,JAX,S,3,0,0,0,0,0,0,0,0,0,0,0,0.0,3,2,1,0,0,0,
718,Dylan Laube,26,LVR,RB,3,0,0,0,0,0,0,0,0,0,0,0,0.0,1,1,0,0,0,0,
719,DeMarvin Leal,25,PIT,DE,1,0,0,0,0,0,0,0,0,0,0,0,0.0,2,1,1,0,0,0,
720,Cameron Lewis,28,BUF,DB,3,0,0,0,0,0,0,1,0,0,0,0,0.0,7,5,2,0,0,0,
721,Tyquan Lewis,30,IND,DE,3,0,0,0,0,0,1,0,0,0,0,0,2.0,4,3,1,3,2,0,
722,Cody Lindenberg,23,LVR,LB,3,0,0,0,0,0,0,0,0,0,0,0,0.0,1,0,1,0,0,0,
723,Marist Liufau,24,DAL,LB,3,0,0,0,0,0,0,0,0,0,0,0,0.0,3,3,0,0,0,0,
724,P.J. Locke,28,DEN,S,3,0,0,0,0,0,1,0,0,0,0,0,0.0,1,1,0,0,0,0,
725,Zion Logue,24,BUF,DT,2,0,0,0,0,0,1,0,0,0,0,0,0.5,1,0,1,0,1,0,
726,LaCale London,28,ATL,DL,3,0,0,0,0,0,0,0,0,0,0,0,0.0,3,3,0,1,0,0,
727,Tyler Loop,24,BAL,K,3,0,0,0,0,0,0,0,0,0,0,0,0.0,1,1,0,0,0,0,
728,Roy Lopez,28,DET,DT,3,0,0,0,0,0,0,0,0,0,0,0,0.0,1,0,1,0,0,0,
729,Chase Lucas,28,SFO,CB,3,0,0,0,0,0,0,0,0,0,0,0,0.0,3,3,0,0,0,0,
730,Darrell Luter,25,SFO,CB,3,0,0,0,0,0,0,0,0,0,0,0,0.0,4,1,3,0,0,0,
731,Avonte Maddox,29,DET,CB,3,0,0,0,0,0,0,0,0,0,0,0,0.0,2,2,0,0,0,0,
732,Jordan Magee,24,WAS,LB,3,0,0,0,0,0,0,0,0,0,0,0,0.0,3,3,0,0,0,0,
733,DeAngelo Malone,26,ATL,DE,3,0,0,0,0,0,0,0,0,0,0,0,0.0,2,0,2,0,0,0,
734,Marte Mapu,26,NWE,LB,3,0,1,20,0,20,1,0,0,0,0,0,0.0,1,1,0,0,0,0,
735,Jason Marshall,23,MIA,CB,3,0,0,0,0,0,0,0,0,0,0,0,0.0,3,2,1,0,1,0,
736,Keyon Martin,24,BAL,CB,3,0,0,0,0,0,0,0,0,0,0,0,0.0,7,7,0,0,0,0,
737,David Martin-Robinson,26,TEN,TE,3,0,0,0,0,0,0,0,0,0,0,0,0.0,2,1,1,0,0,0,
738,Bam Martin-Scott,25,CAR,LB,3,0,0,0,0,0,0,0,0,0,0,0,0.0,3,2,1,0,0,0,
739,Easton Mascarenas-Arnold,23,CLE,LB,3,0,0,0,0,0,0,0,0,0,0,0,0.0,1,1,0,0,0,0,
740,Francisco Mauigoa,22,NYJ,LB,3,0,0,0,0,0,0,0,0,0,0,0,0.0,7,2,5,0,0,0,
741,Dorian Mausi,23,TEN,LB,3,0,0,0,0,0,0,0,0,1,0,0,0.0,2,0,2,0,0,0,
742,Luke McCaffrey,24,WAS,WR,3,0,0,0,0,0,0,0,0,0,0,0,0.0,1,1,0,0,0,0,
743,Jaylen McCollough,25,LAR,S,3,0,0,0,0,0,0,0,0,0,0,0,2.0,10,7,3,2,2,0,
744,Tristin McCollum,26,LVR,S,2,0,0,0,0,0,0,0,0,0,0,0,0.0,2,2,0,0,0,0,
745,Marcelino McCrary-Ball,26,NYJ,LB,3,0,0,0,0,0,0,1,0,0,0,0,0.0,17,8,9,0,0,0,
746,Cooper McDonald,24,KAN,LB,3,0,0,0,0,0,0,0,0,0,0,0,0.0,2,0,2,0,0,0,
747,Braiden McGregor,24,NYJ,DE,2,0,0,0,0,0,0,0,0,0,0,0,0.0,5,2,3,0,0,0,
748,Cameron McGrone,25,IND,LB,3,0,0,0,0,0,0,0,0,0,0,0,0.0,2,1,1,0,0,0,
749,Ja'Quan McMillian,25,DEN,CB,3,0,0,0,0,0,0,2,0,0,0,0,1.0,9,6,3,1,1,0,
750,Donovan McMillon,23,CLE,S,3,0,0,0,0,0,0,0,0,0,0,0,0.0,2,1,1,0,0,0,
751,Kaevon Merriweather,26,TAM,S,3,0,0,0,0,0,0,0,0,0,0,0,0.0,4,3,1,0,0,0,
752,John Metchie,25,PHI,WR,3,0,0,0,0,0,0,0,0,0,0,0,0.0,1,1,0,0,0,0,
753,R.J. Mickens,24,LAC,S,2,0,0,0,0,0,0,0,0,0,0,0,0.0,1,1,0,0,0,0,
754,Ventrell Miller,26,JAX,LB,3,0,0,0,0,0,2,0,0,0,0,0,0.0,3,1,2,0,0,0,
755,Von Miller,36,WAS,LB,3,0,0,0,0,0,0,0,0,0,0,0,1.5,4,3,1,1,3,0,
756,Jordan Mims,26,TEN,RB,1,0,0,0,0,0,0,0,0,0,0,0,0.0,1,1,0,0,0,0,
757,Cameron Mitchell,24,CLE,CB,2,0,0,0,0,0,0,1,0,0,0,0,0.0,1,0,1,0,0,0,
758,Kyle Monangai,23,CHI,RB,3,0,0,0,0,0,0,0,0,1,1,0,0.0,0,0,0,0,0,0,
759,Chris Moore,32,WAS,WR,2,0,0,0,0,0,0,0,0,0,0,0,0.0,1,1,0,0,0,0,
760,Skyy Moore,25,SFO,WR,3,0,0,0,0,0,0,0,1,1,0,0,0.0,0,0,0,0,0,0,
761,Mike Morris,24,SEA,DE,3,0,0,0,0,0,1,0,0,0,0,0,0.0,7,5,2,1,1,0,
762,Quintin Morris,26,JAX,TE,2,0,0,0,0,0,0,0,0,0,0,0,0.0,1,1,0,0,0,0,
763,Benjamin Morrison,21,TAM,CB,2,0,0,0,0,0,0,0,0,0,0,0,0.0,2,2,0,1,0,0,
764,Al-Quadin Muhammad,30,DET,DE,3,0,0,0,0,0,0,0,0,0,0,0,3.5,8,6,2,3,5,0,
765,Chad Muma,26,IND,LB,1,0,0,0,0,0,0,0,0,0,0,0,0.0,1,1,0,0,0,0,
766,Larrell Murchison,28,LAR,DE,3,0,0,0,0,0,0,0,0,0,0,0,0.0,1,0,1,0,0,0,
767,Caleb Murphy,26,LAC,OLB,3,0,0,0,0,0,0,0,0,0,0,0,0.0,9,5,4,0,0,0,
768,Myles Murphy,23,CIN,DE,3,0,0,0,0,0,0,0,0,0,0,0,0.5,6,2,4,0,1,0,
769,PJ Mustipher,26,ARI,DT,3,0,0,0,0,0,1,0,0,0,0,0,0.0,4,2,2,0,0,0,
770,Siran Neal,31,SFO,CB,3,0,0,0,0,0,0,0,0,0,0,0,0.0,2,0,2,0,0,0,
771,Anthony Nelson,28,TAM,OLB,3,0,0,0,0,0,0,0,0,0,0,0,0.0,5,3,2,1,0,0,
772,Jer'Zhan Newton,23,WAS,DT,3,0,0,0,0,0,0,0,0,0,0,0,0.0,4,3,1,1,1,0,
773,Nick Niemann,28,GNB,LB,3,0,0,0,0,0,0,0,0,0,0,0,0.0,6,3,3,0,0,0,
774,Maema Njongmeta,24,CAR,LB,1,0,0,0,0,0,0,0,0,0,0,0,0.0,2,1,1,0,0,0,
775,Trevor Nowaske,27,DET,LB,1,0,0,0,0,0,0,0,0,0,0,0,1.0,2,1,1,1,1,0,
776,Rakeem Nunez-Roches,32,NYG,DL,1,0,0,0,0,0,0,0,0,0,0,0,0.0,1,0,1,0,0,0,
777,Uchenna Nwosu,29,SEA,LB,2,0,0,0,0,0,0,0,0,0,0,0,0.0,2,2,0,0,0,0,
778,Emmanuel Ogbah,32,JAX,DL,3,0,0,0,0,0,0,0,0,0,0,0,0.0,1,0,1,0,0,0,
779,Andrew Ogletree,27,IND,TE,3,0,0,0,0,0,0,0,0,0,0,0,0.0,2,1,1,0,0,0,
780,Dare Ogunbowale,31,HOU,RB,3,0,0,0,0,0,0,0,1,0,0,0,0.0,4,2,2,0,0,0,
781,Sam Okuayinonu,27,SFO,DL,3,0,0,0,0,0,0,1,0,0,0,0,0.0,10,4,6,0,0,0,
782,Jeff Okudah,26,MIN,CB,2,0,0,0,0,0,0,0,0,1,0,0,0.0,5,5,0,0,0,0,
783,Kitan Oladapo,25,GNB,S,3,0,0,0,0,0,0,0,0,0,0,0,0.0,2,1,1,0,0,0,
784,Bryce Oliver,25,TEN,WR,2,0,0,0,0,0,0,0,0,0,0,0,0.0,1,1,0,0,0,0,
785,Isaiah Oliver,29,NYJ,S,3,0,0,0,0,0,0,0,0,0,0,0,0.0,5,2,3,0,0,0,
786,Segun Olubi,26,IND,LB,3,0,0,0,0,0,0,0,0,0,0,0,0.0,3,2,1,0,0,0,
787,Charles Omenihu,28,KAN,DE,3,0,0,0,0,0,0,0,0,0,0,0,0.0,7,4,3,0,2,0,
788,Ruke Orhorhoro,24,ATL,DT,3,0,0,0,0,0,0,0,0,0,0,0,0.5,4,0,4,0,1,0,
789,Jonathan Owens,30,CHI,S,3,0,0,0,0,0,0,0,0,0,0,0,0.0,7,6,1,0,0,0,
790,Tyler Owens,24,WAS,S,3,0,0,0,0,0,0,0,0,0,0,0,0.0,1,1,0,0,0,0,
791,Owen Pappoe,25,ARI,LB,3,0,0,0,0,0,0,0,0,0,0,0,0.0,3,1,2,0,0,0,
792,Colby Parkinson,26,LAR,TE,2,0,0,0,0,0,0,0,1,0,0,0,0.0,0,0,0,0,0,0,
793,Jacob Parrish,21,TAM,CB,3,0,0,0,0,0,1,0,0,0,0,0,1.0,11,8,3,2,2,0,
794,James Pearce,22,ATL,DE,3,0,0,0,0,0,0,0,0,0,0,0,0.5,2,0,2,0,2,0,
795,Aeneas Peebles,24,BAL,DT,3,0,0,0,0,0,1,0,0,0,0,0,0.0,2,1,1,0,1,0,
796,Mike Pennel,34,CIN,DT,3,0,0,0,0,0,0,0,0,0,0,0,0.0,7,3,4,1,0,0,
797,Samaje Perine,30,CIN,RB,3,0,0,0,0,0,0,0,1,0,0,0,0.0,3,0,3,0,0,0,
798,Dell Pettus,24,NWE,S,3,0,0,0,0,0,0,0,0,0,0,0,0.0,4,2,2,0,0,0,
799,Del'Shawn Phillips,29,LAC,LB,3,0,0,0,0,0,0,0,0,0,0,0,0.0,3,0,3,0,0,0,
800,James Pierre,29,PIT,CB,3,0,0,0,0,0,0,0,0,0,0,0,0.0,2,2,0,0,0,0,
801,Bradley Pinion,31,ATL,P,3,0,0,0,0,0,0,0,0,0,0,0,0.0,1,1,0,0,0,0,
802,Anthony Pittman,29,DET,LB,1,0,0,0,0,0,0,0,0,0,0,0,0.0,1,1,0,0,0,0,
803,Elijah Ponder,23,NWE,LB,2,0,0,0,0,0,0,0,0,0,0,0,0.0,1,0,1,0,0,0,
804,Darien Porter,24,LVR,CB,3,0,0,0,0,0,0,0,0,0,0,0,0.0,4,4,0,0,0,0,
805,Myles Price,24,MIN,WR,3,0,0,0,0,0,0,0,1,0,0,0,0.0,0,0,0,0,0,0,
806,Nehemiah Pritchett,24,SEA,CB,3,0,0,0,0,0,0,0,0,0,0,0,0.0,1,1,0,0,0,0,
807,Lathan Ransom,23,CAR,S,3,0,0,0,0,0,0,1,0,0,0,0,0.0,10,5,5,0,0,0,
808,C.J. Ravenell,25,TEN,DL,2,0,0,0,0,0,0,0,0,0,0,0,0.0,3,1,2,0,0,0,
809,Jeremy Reaves,29,WAS,S,3,0,0,0,0,0,1,0,0,0,0,0,0.0,9,5,4,0,1,0,
810,Jerrick Reed,25,SEA,FS,1,0,0,0,0,0,0,0,0,0,0,0,0.0,2,2,0,0,0,0,
811,Troy Reeder,31,LAR,LB,3,0,0,0,0,0,0,0,0,0,0,0,0.0,4,3,1,0,0,0,
812,Craig Reynolds,29,DET,RB,2,0,0,0,0,0,0,0,0,0,0,0,0.0,2,2,0,0,0,0,
813,Monty Rice,26,DET,OLB,1,0,0,0,0,0,0,0,0,0,0,0,0.0,2,0,2,0,0,0,
814,Decamerion Richardson,24,LVR,CB,2,0,0,0,0,0,0,0,0,0,0,0,0.0,2,2,0,0,0,0,
815,Demani Richardson,25,CAR,S,3,0,0,0,0,0,0,0,0,1,0,0,0.0,3,1,2,0,0,0,
816,Quincy Riley,24,NOR,CB,3,0,0,0,0,0,0,1,0,0,0,0,0.0,2,2,0,0,0,0,
817,Kelee Ringo,23,PHI,CB,3,0,0,0,0,0,0,0,0,0,0,0,0.0,4,2,2,0,0,0,
818,Elijah Roberts,24,TAM,DE,3,0,0,0,0,0,1,0,0,0,0,0,0.5,1,0,1,0,2,0,
819,Amik Robertson,27,DET,CB,3,0,0,0,0,0,0,0,0,0,0,0,0.0,6,6,0,0,0,0,
820,Chop Robinson,22,MIA,LB,3,0,0,0,0,0,0,0,0,0,0,0,1.0,3,3,0,1,1,0,
821,Dominique Robinson,27,CHI,DL,3,0,0,0,0,0,0,0,0,0,0,0,1.0,5,4,1,1,1,0,
822,Mark Robinson,26,NWE,LB,3,0,0,0,0,0,0,0,0,0,0,0,0.0,3,2,1,0,0,0,
823,Robert Rochell,27,DAL,CB,2,0,0,0,0,0,0,0,0,0,0,0,0.0,1,0,1,0,0,0,
824,Levi Drake Rodriguez,25,MIN,DL,3,0,0,0,0,0,0,0,0,0,0,0,0.0,8,4,4,3,0,0,
825,Christian Roland-Wallace,24,KAN,CB,3,0,1,23,0,23,1,0,0,0,0,0,0.0,4,2,2,0,0,0,
826,Chris Rumph,27,NOR,DE,3,0,0,0,0,0,0,1,0,0,0,0,1.0,9,5,4,1,1,0,
827,Brady Russell,27,SEA,FB,3,0,0,0,0,0,0,0,0,0,0,0,0.0,5,4,1,0,0,0,
828,Cameron Sample,26,CIN,DE,3,0,0,0,0,0,0,0,0,0,0,0,0.0,3,2,1,0,0,0,
829,Miles Sanders,28,DAL,RB,3,0,0,0,0,0,0,0,1,0,0,0,0.0,0,0,0,0,0,0,
830,T.J. Sanders,22,BUF,DT,3,0,0,0,0,0,0,0,0,0,0,0,0.0,1,1,0,0,0,0,
831,Eric Saubert,31,SEA,TE,3,0,0,0,0,0,0,0,0,0,0,0,0.0,5,3,2,0,0,0,
832,Khalen Saunders,29,JAX,DT,1,0,0,0,0,0,0,0,0,0,0,0,0.0,2,0,2,0,0,0,
833,Darnell Savage Jr.,28,JAX,S,2,0,0,0,0,0,1,0,0,0,0,0,0.0,1,1,0,0,0,0,
834,Jack Sawyer,23,PIT,OLB,3,0,0,0,0,0,0,0,0,0,0,0,1.0,12,7,5,2,1,0,
835,Jacob Saylors,24,DET,RB,3,0,0,0,0,0,0,0,0,0,0,0,0.0,2,1,1,0,0,0,
836,Brenden Schooler,28,NWE,S,3,0,0,0,0,0,0,0,0,0,0,0,0.0,2,1,1,0,0,0,
837,Daniel Scott,27,IND,S,3,0,0,0,0,0,0,0,0,0,0,0,0.0,2,2,0,0,0,0,
838,Zavier Scott,26,MIN,RB,2,0,0,0,0,0,0,0,1,0,0,0,0.0,0,0,0,0,0,0,
839,Tyrell Shavers,26,BUF,WR,3,0,0,0,0,0,0,0,0,0,0,0,0.0,1,1,0,0,0,0,
840,Trent Sherfield,29,DEN,WR,3,0,0,0,0,0,0,0,0,0,0,0,0.0,1,1,0,0,0,0,
841,Justin Shorter,25,LVR,WR,3,0,0,0,0,0,0,0,0,0,0,0,0.0,2,0,2,0,0,0,
842,Cody Simon,23,ARI,LB,2,0,0,0,0,0,0,0,0,0,0,0,0.0,3,1,2,0,0,0,
843,JL Skinner,24,DEN,S,3,0,0,0,0,0,0,0,0,1,0,0,0.0,2,0,2,0,0,0,
844,Joey Slye,29,TEN,K,3,0,0,0,0,0,0,0,0,0,0,0,0.0,2,1,1,0,0,0,
845,Christopher Smith,25,LVR,S,3,0,0,0,0,0,0,0,0,0,0,0,0.0,1,0,1,0,0,0,
846,Jaylin Smith,22,HOU,CB,2,0,0,0,0,0,0,0,0,0,0,0,0.0,4,2,2,0,0,0,
847,Maason Smith,23,JAX,DT,2,0,0,0,0,0,0,0,0,0,0,0,0.0,1,0,1,0,0,0,
848,Tremon Smith,29,HOU,CB,3,0,0,0,0,0,0,0,0,0,0,0,0.0,4,3,1,1,0,0,
849,Xavier Smith,28,LAR,WR,3,0,0,0,0,0,0,0,0,0,0,0,0.0,2,1,1,0,0,0,
850,Za'Darius Smith,33,PHI,DE,2,0,0,0,0,0,0,0,0,0,0,0,0.5,4,2,2,1,1,0,
851,Dawuane Smoot,30,JAX,DE,3,0,0,0,0,0,0,0,0,0,0,0,1.0,6,3,3,1,1,0,
852,Charles Snowden,27,LVR,DE,1,0,0,0,0,0,0,0,0,0,0,0,0.0,2,1,1,0,0,0,
853,Javon Solomon,24,BUF,DE,3,0,0,0,0,0,0,0,0,0,0,0,0.0,1,0,1,0,1,0,
854,Barryn Sorrell,23,GNB,DL,2,0,0,0,0,0,0,0,0,0,0,0,0.5,1,0,1,0,1,0,
855,Brevyn Spann-Ford,26,DAL,TE,3,0,0,0,0,0,0,0,0,0,0,0,0.0,4,1,3,0,0,0,
856,E.J. Speed,30,HOU,LB,3,0,0,0,0,0,0,0,0,0,0,0,0.0,6,3,3,0,0,0,
857,Benjamin St-Juste,28,LAC,CB,3,0,0,0,0,0,1,0,0,0,0,0,0.0,5,3,2,0,0,0,
858,Nazir Stackhouse,23,GNB,DT,3,0,0,0,0,0,0,0,0,0,0,0,0.0,1,0,1,0,0,0,
859,Isaiah Stalbird,25,NOR,LB,3,0,0,0,0,0,1,0,0,0,0,0,0.0,2,2,0,0,0,0,
860,Josaiah Stewart,22,LAR,OLB,3,0,0,0,0,0,1,0,0,0,0,0,1.0,2,2,0,1,2,0,
861,M.J. Stewart,30,HOU,S,3,0,0,0,0,0,0,0,0,0,0,0,0.0,2,1,1,0,0,0,
862,Qwan'tez Stiggers,23,NYJ,CB,3,0,0,0,0,0,0,0,0,0,0,0,0.0,4,2,2,0,0,0,
863,Dante Stills,26,ARI,DL,3,0,0,0,0,0,1,0,0,0,0,0,0.0,6,2,4,0,0,0,
864,Grant Stuard,27,DET,LB,3,0,0,0,0,0,0,0,0,0,0,0,0.0,4,0,4,0,0,0,
865,Danny Stutsman,22,NOR,LB,3,0,0,0,0,0,0,0,0,0,0,0,0.0,4,4,0,0,0,0,
866,Chazz Surratt,28,SEA,LB,3,0,0,0,0,0,0,0,0,0,0,0,0.0,3,1,2,0,0,0,
867,T.J. Tampa,23,BAL,CB,3,0,0,0,0,0,1,0,0,0,0,0,0.0,7,6,1,0,0,0,
868,Darrell Taylor,28,HOU,DE,2,0,0,0,0,0,0,0,0,0,0,0,0.0,1,1,0,0,0,0,
869,Ja'Sir Taylor,26,LAC,DB,3,0,0,0,0,0,0,0,0,0,0,0,0.0,3,1,2,0,0,0,
870,Leonard Taylor,26,NYJ,DL,2,0,0,0,0,0,1,0,0,0,0,0,0.0,3,2,1,1,0,0,
871,Dadrion Taylor-Demerson,24,ARI,S,3,0,1,18,0,18,3,0,0,0,0,0,0.0,11,8,3,0,0,0,
872,Azareye'h Thomas,21,NYJ,CB,3,0,0,0,0,0,1,0,0,0,0,0,0.0,1,0,1,0,0,0,
873,Cameron Thomas,25,CLE,DE,3,0,0,0,0,0,0,0,0,0,0,0,0.5,3,1,2,0,1,0,
874,Daniel Thomas,27,DET,S,3,0,0,0,0,0,0,0,0,0,0,0,0.0,2,1,1,0,0,0,
875,Drake Thomas,25,SEA,LB,3,0,0,0,0,0,0,0,0,0,0,0,0.0,7,4,3,0,0,0,
876,Juanyeh Thomas,25,DAL,S,3,0,0,0,0,0,0,0,0,0,0,0,0.0,6,3,3,0,0,0,
877,Rodney Thomas II,27,IND,S,3,0,0,0,0,0,0,0,0,0,0,0,0.0,4,4,0,1,0,0,
878,Solomon Thomas,30,DAL,DT,3,0,0,0,0,0,0,0,0,0,0,0,0.0,13,6,7,1,1,0,
879,Tavierre Thomas,29,MIN,S,3,0,0,0,0,0,0,1,0,0,0,0,0.0,7,2,5,0,0,0,
880,Shaq Thompson,31,BUF,OLB,2,0,0,0,0,0,0,0,0,0,0,0,0.0,7,5,2,1,0,0,
881,Corey Thornton,25,CAR,CB,3,0,0,0,0,0,0,0,0,0,0,0,0.0,1,0,1,0,0,0,
882,Dondrea Tillman,27,DEN,OLB,3,0,0,0,0,0,0,0,0,0,0,0,0.0,8,3,5,0,1,0,
883,Tommy Togiai,26,HOU,DT,1,0,0,0,0,0,0,0,0,0,0,0,0.0,3,2,1,0,0,0,
884,Jay Toia,22,DAL,DT,2,0,0,0,0,0,0,0,0,0,0,0,0.0,1,0,1,0,0,0,
885,Khyiris Tonga,29,NWE,DL,3,0,0,0,0,0,0,0,0,0,0,0,0.0,3,2,1,0,1,0,
886,Jeremiah Trotter Jr.,23,PHI,LB,3,0,0,0,0,0,0,0,0,0,0,0,0.0,7,4,3,0,0,0,
887,Joe Tryon-Shoyinka,26,CLE,DE,3,0,0,0,0,0,0,0,0,0,0,0,0.0,4,1,3,0,0,0,
888,Jay Tufele,26,NYJ,DT,1,0,0,0,0,0,0,0,0,0,0,0,0.0,3,2,1,0,0,0,
889,Shy Tuttle,30,TEN,DT,2,0,0,0,0,0,0,0,0,0,0,0,0.0,2,2,0,0,0,0,
890,Joshua Uche,27,PHI,OLB,3,0,0,0,0,0,0,0,0,0,0,0,0.0,6,3,3,0,0,0,
891,Princely Umanmielen,23,CAR,OLB,3,0,0,0,0,0,0,0,0,0,0,0,1.0,2,2,0,1,1,0,
892,Brent Urban,34,BAL,DE,1,0,0,0,0,0,0,0,0,0,0,0,0.0,1,0,1,0,0,0,
893,Eyioma Uwazurike,27,DEN,DL,3,0,0,0,0,0,0,0,0,0,0,0,0.0,9,3,6,0,0,0,
894,Sione Vaki,24,DET,RB,1,0,0,0,0,0,0,0,0,0,0,0,0.0,1,1,0,0,0,0,
895,William Wagner,25,CIN,LS,3,0,0,0,0,0,0,0,0,0,0,0,0.0,2,0,2,0,0,0,
896,Jalon Walker,21,ATL,DE,3,0,0,0,0,0,0,0,0,0,0,0,1.0,8,5,3,1,1,0,
897,Garret Wallow,26,DEN,LB,2,0,0,0,0,0,0,0,0,0,0,0,0.0,2,0,2,0,0,0,
898,Jay Ward,25,MIN,S,3,0,0,0,0,0,0,0,0,1,0,0,0.0,4,3,1,0,0,0,
899,Jihad Ward,31,TEN,OLB,3,0,0,0,0,0,0,0,0,0,0,0,0.0,2,1,1,0,3,0,
900,Markees Watts,26,TAM,OLB,3,0,0,0,0,0,0,0,0,0,0,0,0.0,1,0,1,0,0,0,
901,Marlowe Wax,23,LAC,LB,3,0,0,0,0,0,0,0,0,0,0,0,0.0,4,1,3,0,0,0,
902,CJ West,23,SFO,DT,3,0,0,0,0,0,0,0,0,0,0,0,0.0,2,1,1,0,0,0,
903,Nick Westbrook-Ikhine,28,MIA,WR,3,0,0,0,0,0,0,0,0,0,0,0,0.0,1,1,0,0,0,0,
904,Keion White,26,NWE,DE,2,0,0,0,0,0,0,0,0,0,0,0,0.0,3,1,2,0,0,0,
905,Kyzir White,29,TEN,LB,1,0,0,0,0,0,0,0,0,0,0,0,0.0,3,2,1,0,0,0,
906,Rachaad White,26,TAM,RB,3,0,0,0,0,0,0,0,0,1,0,0,0.0,0,0,0,0,0,0,
907,Blake Whiteheart,25,CLE,TE,3,0,0,0,0,0,0,0,0,0,0,0,0.0,1,0,1,0,0,0,
908,Chris Williams,27,CHI,DT,3,0,0,0,0,0,0,0,0,0,0,0,0.0,2,1,1,0,1,0,
909,Darious Williams,32,LAR,CB,2,0,0,0,0,0,1,0,0,0,0,0,0.0,2,2,0,0,0,0,
910,Jonah Williams,30,NOR,DE,3,0,0,0,0,0,0,0,0,0,0,0,0.0,1,0,1,0,1,0,
911,Joshua Williams,26,KAN,CB,3,0,0,0,0,0,0,0,0,0,0,0,0.0,1,1,0,0,0,0,
912,Nohl Williams,23,KAN,DB,3,0,0,0,0,0,2,0,0,0,0,0,0.0,5,2,3,0,0,0,
913,Savion Williams,24,GNB,WR,3,0,0,0,0,0,0,0,0,0,0,0,0.0,1,0,1,0,0,0,
914,Kendall Williamson,25,LAC,S,3,0,0,0,0,0,0,0,0,0,0,0,0.0,1,0,1,0,0,0,
915,Brayden Willis,26,SFO,TE,2,0,0,0,0,0,0,0,0,0,0,0,0.0,1,0,1,0,0,0,
916,Marco Wilson,26,CIN,CB,1,0,0,0,0,0,0,0,0,0,0,0,0.0,2,2,0,0,0,0,
917,James Winchester,36,KAN,LS,3,0,0,0,0,0,0,0,0,0,0,0,0.0,2,2,0,0,0,0,
918,Mekhi Wingo,22,DET,DL,1,0,0,0,0,0,0,0,0,0,0,0,0.0,1,1,0,0,0,0,
919,Rashad Wisdom,24,TAM,S,1,0,0,0,0,0,0,0,0,0,0,0,0.0,2,0,2,0,0,0,
920,Charles Woods,25,NWE,CB,2,0,0,0,0,0,0,0,0,0,0,0,0.0,1,1,0,0,0,0,
921,Josh Woods,29,ATL,LB,2,0,0,0,0,0,0,0,0,0,0,0,0.0,3,1,2,0,0,0,
922,Alex Wright,25,CLE,DE,3,0,0,0,0,0,0,0,0,0,0,0,1.0,3,1,2,1,1,0,
923,Rock Ya-Sin,29,DET,CB,3,0,0,0,0,0,0,0,0,0,0,0,0.0,4,2,2,0,0,0,
924,Colson Yankoff,25,WAS,TE,3,0,0,0,0,0,0,0,0,0,0,0,0.0,3,2,1,0,0,0,
925,Byron Young,25,PHI,DT,3,0,0,0,0,0,0,0,0,0,0,0,0.0,3,0,3,0,1,0,
926,Dareke Young,26,SEA,WR,2,0,0,0,0,0,0,0,0,0,0,0,0.0,1,0,1,0,0,0,
927,Ben Yurosek,23,MIN,TE,3,0,0,0,0,0,0,0,0,0,0,0,0.0,1,1,0,0,0,0,
