Rk,Player,Age,Team,Pos,G,GS,Tgt,Rec,Yds,Y/R,TD,1D,Succ%,Lng,R/G,Y/G,Ctch%,Y/Tgt,Fmb,Awards
1.0,Puka Nacua,24.0,LAR,WR,3.0,3.0,35.0,29.0,333.0,11.5,0.0,18.0,71.4,25.0,9.7,111.0,82.9,9.5,0.0,
2.0,Jake Ferguson,26.0,DAL,TE,3.0,2.0,32.0,27.0,183.0,6.8,0.0,6.0,56.3,19.0,9.0,61.0,84.4,5.7,0.0,
3.0,Christian McCaffrey,29.0,SFO,RB,3.0,3.0,32.0,25.0,213.0,8.5,1.0,8.0,56.3,25.0,8.3,71.0,78.1,6.7,0.0,
4.0,Chris Olave,25.0,NOR,WR,3.0,3.0,37.0,23.0,165.0,7.2,0.0,10.0,48.6,14.0,7.7,55.0,62.2,4.5,0.0,
5.0,Jaxon Smith-Njigba,23.0,SEA,WR,3.0,3.0,29.0,22.0,323.0,14.7,1.0,14.0,51.7,45.0,7.3,107.7,75.9,11.1,2.0,
6.0,Ja'Marr Chase,25.0,CIN,WR,3.0,3.0,27.0,21.0,241.0,11.5,1.0,12.0,63.0,28.0,7.0,80.3,77.8,8.9,1.0,
7.0,Garrett Wilson,25.0,NYJ,WR,3.0,3.0,30.0,21.0,229.0,10.9,2.0,10.0,53.3,33.0,7.0,76.3,70.0,7.6,1.0,
8.0,Amon-Ra St. Brown,26.0,DET,WR,3.0,3.0,25.0,20.0,237.0,11.9,4.0,16.0,68.0,34.0,6.7,79.0,80.0,9.5,0.0,
9.0,Keenan Allen,33.0,LAC,WR,3.0,1.0,28.0,19.0,194.0,10.2,3.0,13.0,60.7,25.0,6.3,64.7,67.9,6.9,0.0,
10.0,Marquise Brown,28.0,KAN,WR,3.0,3.0,27.0,19.0,171.0,9.0,0.0,8.0,55.6,49.0,6.3,57.0,70.4,6.3,0.0,
11.0,Juwan Johnson,29.0,NOR,TE,3.0,3.0,28.0,19.0,176.0,9.3,1.0,10.0,50.0,21.0,6.3,58.7,67.9,6.3,0.0,
12.0,De'Von Achane,24.0,MIA,RB,3.0,3.0,23.0,18.0,141.0,7.8,2.0,6.0,43.5,29.0,6.0,47.0,78.3,6.1,0.0,
13.0,Jahmyr Gibbs,23.0,DET,RB,3.0,3.0,19.0,18.0,73.0,4.1,0.0,2.0,47.4,9.0,6.0,24.3,94.7,3.8,0.0,
14.0,Trey McBride,26.0,ARI,TE,3.0,3.0,24.0,17.0,182.0,10.7,1.0,10.0,66.7,31.0,5.7,60.7,70.8,7.6,0.0,
15.0,Jakobi Meyers,29.0,LVR,WR,3.0,3.0,26.0,17.0,228.0,13.4,0.0,9.0,53.8,45.0,5.7,76.0,65.4,8.8,0.0,
16.0,Zay Flowers,25.0,BAL,WR,3.0,3.0,23.0,16.0,231.0,14.4,1.0,9.0,60.9,39.0,5.3,77.0,69.6,10.0,0.0,
17.0,CeeDee Lamb,26.0,DAL,WR,3.0,3.0,24.0,16.0,222.0,13.9,0.0,10.0,54.2,33.0,5.3,74.0,66.7,9.3,0.0,
18.0,Drake London,24.0,ATL,WR,3.0,3.0,27.0,16.0,159.0,9.9,0.0,7.0,48.1,21.0,5.3,53.0,59.3,5.9,1.0,
19.0,Malik Nabers,22.0,NYG,WR,3.0,3.0,32.0,16.0,251.0,15.7,2.0,10.0,43.8,48.0,5.3,83.7,50.0,7.8,0.0,
20.0,Rome Odunze,23.0,CHI,WR,3.0,3.0,27.0,16.0,227.0,14.2,4.0,12.0,51.9,37.0,5.3,75.7,59.3,8.4,0.0,
21.0,Ricky Pearsall,25.0,SFO,WR,3.0,3.0,24.0,16.0,281.0,17.6,0.0,14.0,62.5,45.0,5.3,93.7,66.7,11.7,0.0,
22.0,Michael Pittman Jr.,28.0,IND,WR,3.0,3.0,19.0,16.0,193.0,12.1,2.0,11.0,73.7,27.0,5.3,64.3,84.2,10.2,0.0,
23.0,Deebo Samuel,29.0,WAS,WR,3.0,0.0,21.0,16.0,132.0,8.3,1.0,5.0,47.6,21.0,5.3,44.0,76.2,6.3,0.0,
24.0,Harold Fannin,21.0,CLE,TE,3.0,2.0,18.0,15.0,136.0,9.1,0.0,6.0,44.4,22.0,5.0,45.3,83.3,7.6,0.0,
25.0,Tyreek Hill,31.0,MIA,WR,3.0,3.0,23.0,15.0,198.0,13.2,1.0,12.0,65.2,47.0,5.0,66.0,65.2,8.6,0.0,
26.0,Ladd McConkey,24.0,LAC,WR,3.0,2.0,21.0,15.0,163.0,10.9,0.0,8.0,61.9,23.0,5.0,54.3,71.4,7.8,0.0,
27.0,Kyle Pitts,25.0,ATL,TE,3.0,3.0,19.0,15.0,135.0,9.0,0.0,9.0,52.6,17.0,5.0,45.0,78.9,7.1,0.0,
28.0,Wan'Dale Robinson,24.0,NYG,WR,3.0,2.0,22.0,15.0,223.0,14.9,1.0,10.0,45.5,50.0,5.0,74.3,68.2,10.1,0.0,
29.0,DeVonta Smith,27.0,PHI,WR,3.0,3.0,18.0,15.0,129.0,8.6,1.0,6.0,55.6,28.0,5.0,43.0,83.3,7.2,0.0,
30.0,Brock Bowers,23.0,LVR,TE,3.0,1.0,21.0,14.0,179.0,12.8,0.0,8.0,52.4,38.0,4.7,59.7,66.7,8.5,0.0,
31.0,Keon Coleman,22.0,BUF,WR,3.0,3.0,18.0,14.0,158.0,11.3,1.0,9.0,77.8,25.0,4.7,52.7,77.8,8.8,0.0,
32.0,Nico Collins,26.0,HOU,WR,3.0,3.0,25.0,14.0,181.0,12.9,2.0,5.0,44.0,50.0,4.7,60.3,56.0,7.2,1.0,
33.0,Emeka Egbuka,23.0,TAM,WR,3.0,3.0,21.0,14.0,181.0,12.9,3.0,9.0,52.4,30.0,4.7,60.3,66.7,8.6,0.0,
34.0,Mike Evans,32.0,TAM,WR,3.0,3.0,27.0,14.0,140.0,10.0,1.0,10.0,48.1,22.0,4.7,46.7,51.9,5.2,0.0,
35.0,Troy Franklin,22.0,DEN,WR,3.0,2.0,19.0,14.0,141.0,10.1,1.0,6.0,47.4,42.0,4.7,47.0,73.7,7.4,0.0,
36.0,Bucky Irving,23.0,TAM,RB,3.0,3.0,14.0,14.0,91.0,6.5,1.0,4.0,57.1,25.0,4.7,30.3,100.0,6.5,0.0,
37.0,Quentin Johnston,24.0,LAC,WR,3.0,3.0,24.0,14.0,239.0,17.1,3.0,8.0,41.7,60.0,4.7,79.7,58.3,10.0,0.0,
38.0,Tetairoa McMillan,22.0,CAR,WR,3.0,3.0,27.0,14.0,216.0,15.4,0.0,12.0,48.1,40.0,4.7,72.0,51.9,8.0,0.0,
39.0,Bijan Robinson,23.0,ATL,RB,3.0,3.0,18.0,14.0,164.0,11.7,1.0,5.0,61.1,50.0,4.7,54.7,77.8,9.1,0.0,
40.0,Rashid Shaheed,27.0,NOR,WR,3.0,3.0,20.0,14.0,127.0,9.1,1.0,6.0,45.0,39.0,4.7,42.3,70.0,6.4,0.0,
41.0,Jaylen Waddle,27.0,MIA,WR,3.0,3.0,17.0,14.0,137.0,9.8,2.0,8.0,70.6,23.0,4.7,45.7,82.4,8.1,0.0,
42.0,Tyler Warren,23.0,IND,TE,3.0,3.0,21.0,14.0,193.0,13.8,0.0,10.0,57.1,41.0,4.7,64.3,66.7,9.2,0.0,
43.0,Davante Adams,33.0,LAR,WR,3.0,3.0,29.0,13.0,213.0,16.4,2.0,9.0,44.8,44.0,4.3,71.0,44.8,7.3,0.0,
44.0,Stefon Diggs,32.0,NWE,WR,3.0,3.0,15.0,13.0,112.0,8.6,0.0,6.0,60.0,16.0,4.3,37.3,86.7,7.5,0.0,
45.0,Hunter Henry,31.0,NWE,TE,3.0,3.0,22.0,13.0,165.0,12.7,2.0,9.0,54.5,27.0,4.3,55.0,59.1,7.5,0.0,
46.0,Dalton Kincaid,26.0,BUF,TE,3.0,2.0,16.0,13.0,151.0,11.6,2.0,8.0,56.3,22.0,4.3,50.3,81.3,9.4,1.0,
47.0,Sam LaPorta,24.0,DET,TE,3.0,3.0,17.0,13.0,138.0,10.6,0.0,7.0,58.8,32.0,4.3,46.0,76.5,8.1,0.0,
48.0,George Pickens,24.0,DAL,WR,3.0,3.0,22.0,13.0,166.0,12.8,2.0,12.0,59.1,27.0,4.3,55.3,59.1,7.5,0.0,
49.0,Brenton Strange,25.0,JAX,TE,3.0,3.0,16.0,13.0,137.0,10.5,0.0,7.0,56.3,24.0,4.3,45.7,81.3,8.6,0.0,
50.0,Courtland Sutton,30.0,DEN,WR,3.0,3.0,21.0,13.0,185.0,14.2,2.0,9.0,57.1,52.0,4.3,61.7,61.9,8.8,0.0,
51.0,Tre Tucker,24.0,LVR,WR,3.0,3.0,20.0,13.0,211.0,16.2,4.0,9.0,50.0,61.0,4.3,70.3,65.0,10.6,0.0,
52.0,Javonte Williams,25.0,DAL,RB,3.0,3.0,15.0,13.0,59.0,4.5,0.0,2.0,40.0,11.0,4.3,19.7,86.7,3.9,1.0,
53.0,A.J. Brown,28.0,PHI,WR,3.0,3.0,19.0,12.0,144.0,12.0,1.0,5.0,47.4,38.0,4.0,48.0,63.2,7.6,0.0,
54.0,Zach Ertz,35.0,WAS,TE,3.0,3.0,16.0,12.0,128.0,10.7,2.0,6.0,62.5,20.0,4.0,42.7,75.0,8.0,0.0,
55.0,Noah Fant,28.0,CIN,TE,3.0,2.0,14.0,12.0,80.0,6.7,1.0,4.0,50.0,25.0,4.0,26.7,85.7,5.7,1.0,
56.0,Justin Jefferson,26.0,MIN,WR,3.0,3.0,20.0,12.0,200.0,16.7,1.0,6.0,45.0,50.0,4.0,66.7,60.0,10.0,0.0,
57.0,D.J. Moore,28.0,CHI,WR,3.0,3.0,16.0,12.0,135.0,11.3,1.0,6.0,62.5,30.0,4.0,45.0,75.0,8.4,1.0,
58.0,David Njoku,29.0,CLE,TE,3.0,3.0,18.0,12.0,117.0,9.8,0.0,4.0,50.0,23.0,4.0,39.0,66.7,6.5,0.0,
59.0,Chigoziem Okonkwo,26.0,TEN,TE,3.0,3.0,16.0,12.0,120.0,10.0,0.0,5.0,50.0,22.0,4.0,40.0,75.0,7.5,0.0,
60.0,Jonnu Smith,30.0,PIT,TE,3.0,1.0,13.0,12.0,65.0,5.4,1.0,3.0,46.2,21.0,4.0,21.7,92.3,5.0,1.0,
61.0,TreVeyon Henderson,23.0,NWE,RB,3.0,0.0,11.0,11.0,73.0,6.6,0.0,2.0,45.5,15.0,3.7,24.3,100.0,6.6,0.0,
62.0,Tucker Kraft,25.0,GNB,TE,3.0,3.0,15.0,11.0,169.0,15.4,2.0,7.0,60.0,57.0,3.7,56.3,73.3,11.3,0.0,
63.0,Cooper Kupp,32.0,SEA,WR,3.0,3.0,15.0,11.0,136.0,12.4,0.0,6.0,60.0,23.0,3.7,45.3,73.3,9.1,0.0,
64.0,Hunter Renfrow,30.0,CAR,WR,3.0,0.0,19.0,11.0,65.0,5.9,2.0,6.0,36.8,15.0,3.7,21.7,57.9,3.4,0.0,
65.0,Dylan Sampson,21.0,CLE,RB,3.0,1.0,11.0,11.0,77.0,7.0,1.0,4.0,81.8,14.0,3.7,25.7,100.0,7.0,0.0,
66.0,Ja'Tavion Sanders,22.0,CAR,TE,3.0,3.0,14.0,11.0,92.0,8.4,0.0,5.0,71.4,18.0,3.7,30.7,78.6,6.6,0.0,
67.0,Dalton Schultz,29.0,HOU,TE,3.0,2.0,15.0,11.0,96.0,8.7,0.0,5.0,60.0,16.0,3.7,32.0,73.3,6.4,0.0,
68.0,Khalil Shakir,25.0,BUF,WR,3.0,2.0,15.0,11.0,121.0,11.0,1.0,6.0,66.7,26.0,3.7,40.3,73.3,8.1,0.0,
69.0,Sterling Shepard,32.0,TAM,WR,3.0,1.0,15.0,11.0,153.0,13.9,0.0,9.0,73.3,24.0,3.7,51.0,73.3,10.2,0.0,
70.0,Jaylen Warren,27.0,PIT,RB,3.0,3.0,12.0,11.0,142.0,12.9,1.0,5.0,66.7,65.0,3.7,47.3,91.7,11.8,0.0,
71.0,Elic Ayomanor,22.0,TEN,WR,3.0,3.0,18.0,10.0,107.0,10.7,2.0,8.0,50.0,23.0,3.3,35.7,55.6,5.9,0.0,
72.0,Saquon Barkley,28.0,PHI,RB,3.0,3.0,12.0,10.0,39.0,3.9,0.0,2.0,33.3,8.0,3.3,13.0,83.3,3.3,0.0,
73.0,Dyami Brown,26.0,JAX,WR,3.0,3.0,14.0,10.0,116.0,11.6,1.0,8.0,64.3,23.0,3.3,38.7,71.4,8.3,0.0,
74.0,Josh Downs,24.0,IND,WR,3.0,2.0,14.0,10.0,97.0,9.7,0.0,6.0,57.1,29.0,3.3,32.3,71.4,6.9,0.0,
75.0,Jerome Ford,26.0,CLE,RB,3.0,0.0,11.0,10.0,30.0,3.0,0.0,0.0,9.1,12.0,3.3,10.0,90.9,2.7,0.0,
76.0,Marvin Harrison Jr.,23.0,ARI,WR,3.0,3.0,17.0,10.0,142.0,14.2,1.0,6.0,47.1,45.0,3.3,47.3,58.8,8.4,0.0,
77.0,Chuba Hubbard,26.0,CAR,RB,3.0,3.0,14.0,10.0,74.0,7.4,2.0,4.0,35.7,27.0,3.3,24.7,71.4,5.3,0.0,
78.0,Travis Hunter,22.0,JAX,WR,3.0,1.0,16.0,10.0,76.0,7.6,0.0,2.0,37.5,21.0,3.3,25.3,62.5,4.8,0.0,
79.0,Jerry Jeudy,26.0,CLE,WR,3.0,3.0,21.0,10.0,134.0,13.4,0.0,7.0,42.9,26.0,3.3,44.7,47.6,6.4,0.0,
80.0,Travis Kelce,36.0,KAN,TE,3.0,3.0,17.0,10.0,134.0,13.4,1.0,7.0,52.9,37.0,3.3,44.7,58.8,7.9,0.0,
81.0,Terry McLaurin,30.0,WAS,WR,3.0,3.0,17.0,10.0,149.0,14.9,0.0,8.0,58.8,56.0,3.3,49.7,58.8,8.8,0.0,
82.0,D.K. Metcalf,28.0,PIT,WR,3.0,3.0,17.0,10.0,135.0,13.5,2.0,7.0,58.8,31.0,3.3,45.0,58.8,7.9,0.0,
83.0,Cam Skattebo,23.0,NYG,RB,3.0,0.0,13.0,10.0,87.0,8.7,0.0,4.0,53.8,21.0,3.3,29.0,76.9,6.7,0.0,
84.0,JuJu Smith-Schuster,29.0,KAN,WR,3.0,2.0,12.0,10.0,115.0,11.5,0.0,4.0,75.0,27.0,3.3,38.3,83.3,9.6,0.0,
85.0,Rhamondre Stevenson,27.0,NWE,RB,3.0,3.0,11.0,10.0,138.0,13.8,0.0,3.0,63.6,55.0,3.3,46.0,90.9,12.5,2.0,
86.0,Cedric Tillman,25.0,CLE,WR,3.0,3.0,18.0,10.0,100.0,10.0,2.0,7.0,50.0,25.0,3.3,33.3,55.6,5.6,0.0,
87.0,Rashod Bateman,26.0,BAL,WR,3.0,2.0,15.0,9.0,88.0,9.8,1.0,6.0,53.3,20.0,3.0,29.3,60.0,5.9,0.0,
88.0,Kayshon Boutte,23.0,NWE,WR,3.0,1.0,12.0,9.0,147.0,16.3,1.0,7.0,75.0,24.0,3.0,49.0,75.0,12.3,0.0,
89.0,James Cook,26.0,BUF,RB,3.0,3.0,9.0,9.0,71.0,7.9,0.0,1.0,33.3,51.0,3.0,23.7,100.0,7.9,1.0,
90.0,Omarion Hampton,22.0,LAC,RB,3.0,3.0,11.0,9.0,73.0,8.1,0.0,3.0,54.5,22.0,3.0,24.3,81.8,6.6,1.0,
91.0,T.J. Hockenson,28.0,MIN,TE,3.0,3.0,13.0,9.0,76.0,8.4,1.0,5.0,53.8,13.0,3.0,25.3,69.2,5.8,0.0,
92.0,Alvin Kamara,30.0,NOR,RB,3.0,3.0,10.0,9.0,47.0,5.2,0.0,2.0,50.0,14.0,3.0,15.7,90.0,4.7,1.0,
93.0,Alec Pierce,25.0,IND,WR,3.0,3.0,13.0,9.0,171.0,19.0,0.0,7.0,69.2,44.0,3.0,57.0,69.2,13.2,0.0,
94.0,D'Andre Swift,26.0,CHI,RB,3.0,3.0,12.0,9.0,63.0,7.0,0.0,2.0,16.7,41.0,3.0,21.0,75.0,5.3,1.0,
95.0,Tyquan Thornton,25.0,KAN,WR,3.0,2.0,18.0,9.0,171.0,19.0,2.0,6.0,44.4,49.0,3.0,57.0,50.0,9.5,0.0,
96.0,Jake Tonges,26.0,SFO,TE,3.0,1.0,11.0,9.0,67.0,7.4,1.0,6.0,54.5,11.0,3.0,22.3,81.8,6.1,0.0,
97.0,Parker Washington,23.0,JAX,WR,3.0,0.0,16.0,9.0,110.0,12.2,0.0,5.0,31.3,40.0,3.0,36.7,56.3,6.9,0.0,
98.0,Olamide Zaccheaus,28.0,CHI,WR,3.0,1.0,16.0,9.0,78.0,8.7,0.0,4.0,31.3,16.0,3.0,26.0,56.3,4.9,0.0,
99.0,Mark Andrews,30.0,BAL,TE,3.0,3.0,10.0,8.0,98.0,12.3,2.0,4.0,60.0,27.0,2.7,32.7,80.0,9.8,0.0,
100.0,Calvin Austin III,26.0,PIT,WR,3.0,3.0,15.0,8.0,126.0,15.8,2.0,5.0,40.0,30.0,2.7,42.0,53.3,8.4,0.0,
101.0,Trey Benson,23.0,ARI,RB,3.0,0.0,11.0,8.0,45.0,5.6,0.0,1.0,36.4,12.0,2.7,15.0,72.7,4.1,0.0,
102.0,Chase Brown,25.0,CIN,RB,3.0,3.0,11.0,8.0,43.0,5.4,0.0,2.0,45.5,13.0,2.7,14.3,72.7,3.9,1.0,
103.0,James Conner,30.0,ARI,RB,3.0,3.0,9.0,8.0,38.0,4.8,1.0,4.0,55.6,18.0,2.7,12.7,88.9,4.2,1.0,
104.0,Brandin Cooks,32.0,NOR,WR,3.0,0.0,11.0,8.0,76.0,9.5,0.0,5.0,63.6,20.0,2.7,25.3,72.7,6.9,0.0,
105.0,Dallas Goedert,30.0,PHI,TE,2.0,2.0,9.0,8.0,77.0,9.6,1.0,3.0,66.7,33.0,4.0,38.5,88.9,8.6,0.0,
106.0,Breece Hall,24.0,NYJ,RB,3.0,3.0,13.0,8.0,78.0,9.8,0.0,3.0,46.2,33.0,2.7,26.0,61.5,6.0,0.0,
107.0,Josh Palmer,26.0,BUF,WR,3.0,1.0,13.0,8.0,113.0,14.1,0.0,5.0,46.2,32.0,2.7,37.7,61.5,8.7,0.0,
108.0,Calvin Ridley,31.0,TEN,WR,3.0,3.0,21.0,8.0,111.0,13.9,0.0,5.0,23.8,27.0,2.7,37.0,38.1,5.3,0.0,
109.0,Jonathan Taylor,26.0,IND,RB,3.0,3.0,9.0,8.0,93.0,11.6,1.0,4.0,77.8,43.0,2.7,31.0,88.9,10.3,0.0,
110.0,Tyrone Tracy Jr.,26.0,NYG,RB,3.0,2.0,13.0,8.0,54.0,6.8,0.0,1.0,30.8,14.0,2.7,18.0,61.5,4.2,0.0,
111.0,KaVontae Turpin,29.0,DAL,WR,3.0,0.0,9.0,8.0,129.0,16.1,1.0,6.0,77.8,37.0,2.7,43.0,88.9,14.3,0.0,
112.0,Dontayvion Wicks,24.0,GNB,WR,3.0,2.0,12.0,8.0,95.0,11.9,0.0,7.0,66.7,16.0,2.7,31.7,66.7,7.9,0.0,
113.0,Jameson Williams,24.0,DET,WR,3.0,3.0,12.0,8.0,174.0,21.8,1.0,6.0,50.0,64.0,2.7,58.0,66.7,14.5,0.0,
114.0,Kendrick Bourne,30.0,SFO,WR,2.0,1.0,9.0,7.0,70.0,10.0,0.0,4.0,77.8,13.0,3.5,35.0,77.8,7.8,0.0,
115.0,Romeo Doubs,25.0,GNB,WR,3.0,3.0,11.0,7.0,121.0,17.3,1.0,6.0,54.5,48.0,2.3,40.3,63.6,11.0,0.0,
116.0,Pat Freiermuth,27.0,PIT,TE,3.0,1.0,10.0,7.0,65.0,9.3,0.0,3.0,40.0,20.0,2.3,21.7,70.0,6.5,0.0,
117.0,Kenneth Gainwell,26.0,PIT,RB,3.0,0.0,10.0,7.0,30.0,4.3,0.0,1.0,30.0,10.0,2.3,10.0,70.0,3.0,1.0,
118.0,Tee Higgins,26.0,CIN,WR,3.0,3.0,14.0,7.0,104.0,14.9,1.0,5.0,50.0,42.0,2.3,34.7,50.0,7.4,0.0,
119.0,Justice Hill,28.0,BAL,RB,3.0,0.0,9.0,7.0,66.0,9.4,0.0,2.0,33.3,37.0,2.3,22.0,77.8,7.3,1.0,
120.0,Xavier Hutchinson,25.0,HOU,WR,3.0,1.0,8.0,7.0,75.0,10.7,0.0,2.0,75.0,23.0,2.3,25.0,87.5,9.4,0.0,
121.0,Jauan Jennings,28.0,SFO,WR,2.0,2.0,15.0,7.0,105.0,15.0,1.0,4.0,40.0,42.0,3.5,52.5,46.7,7.0,0.0,
122.0,Jalen Nailor,26.0,MIN,WR,3.0,3.0,13.0,7.0,96.0,13.7,0.0,5.0,38.5,28.0,2.3,32.0,53.8,7.4,0.0,
123.0,Brian Thomas,23.0,JAX,WR,3.0,3.0,25.0,7.0,115.0,16.4,0.0,6.0,28.0,46.0,2.3,38.3,28.0,4.6,0.0,
124.0,Matthew Golden,22.0,GNB,WR,3.0,2.0,8.0,6.0,68.0,11.3,0.0,2.0,62.5,34.0,2.0,22.7,75.0,8.5,0.0,
125.0,Gunnar Helm,23.0,TEN,TE,3.0,1.0,7.0,6.0,52.0,8.7,0.0,3.0,71.4,16.0,2.0,17.3,85.7,7.4,0.0,
126.0,Mack Hollins,32.0,NWE,WR,3.0,3.0,8.0,6.0,38.0,6.3,1.0,3.0,62.5,11.0,2.0,12.7,75.0,4.8,0.0,
127.0,Austin Hooper,31.0,NWE,TE,3.0,2.0,7.0,6.0,76.0,12.7,0.0,5.0,85.7,22.0,2.0,25.3,85.7,10.9,0.0,
128.0,Josh Jacobs,27.0,GNB,RB,3.0,3.0,10.0,6.0,48.0,8.0,0.0,2.0,30.0,31.0,2.0,16.0,60.0,4.8,1.0,
129.0,Theo Johnson,24.0,NYG,TE,3.0,3.0,10.0,6.0,49.0,8.2,0.0,3.0,40.0,14.0,2.0,16.3,60.0,4.9,0.0,
130.0,Tyler Lockett,33.0,TEN,WR,3.0,1.0,8.0,6.0,46.0,7.7,0.0,2.0,75.0,16.0,2.0,15.3,75.0,5.8,0.0,
131.0,Michael Mayer,24.0,LVR,TE,3.0,3.0,7.0,6.0,47.0,7.8,0.0,4.0,57.1,12.0,2.0,15.7,85.7,6.7,0.0,
132.0,Marvin Mims,23.0,DEN,WR,3.0,1.0,10.0,6.0,40.0,6.7,1.0,2.0,20.0,23.0,2.0,13.3,60.0,4.0,1.0,
133.0,David Montgomery,28.0,DET,RB,3.0,0.0,6.0,6.0,35.0,5.8,0.0,2.0,66.7,13.0,2.0,11.7,100.0,5.8,0.0,
134.0,Darnell Mooney,28.0,ATL,WR,2.0,2.0,15.0,6.0,64.0,10.7,0.0,4.0,33.3,21.0,3.0,32.0,40.0,4.3,0.0,
135.0,Miles Sanders,28.0,DAL,RB,3.0,0.0,6.0,6.0,13.0,2.2,0.0,0.0,16.7,6.0,2.0,4.3,100.0,2.2,1.0,
136.0,Darius Slayton,28.0,NYG,WR,3.0,2.0,8.0,6.0,91.0,15.2,0.0,2.0,62.5,52.0,2.0,30.3,75.0,11.4,0.0,
137.0,Mason Taylor,21.0,NYJ,TE,3.0,2.0,9.0,6.0,43.0,7.2,0.0,3.0,44.4,20.0,2.0,14.3,66.7,4.8,0.0,
138.0,Jalen Tolbert,26.0,DAL,WR,3.0,2.0,12.0,6.0,40.0,6.7,0.0,4.0,33.3,12.0,2.0,13.3,50.0,3.3,0.0,
139.0,Tommy Tremble,25.0,CAR,TE,3.0,2.0,6.0,6.0,38.0,6.3,0.0,2.0,83.3,12.0,2.0,12.7,100.0,6.3,0.0,
140.0,Malik Washington,24.0,MIA,WR,3.0,1.0,12.0,6.0,34.0,5.7,0.0,1.0,25.0,11.0,2.0,11.3,50.0,2.8,0.0,
141.0,Luther Burden,22.0,CHI,WR,3.0,0.0,6.0,5.0,103.0,20.6,1.0,2.0,33.3,65.0,1.7,34.3,83.3,17.2,0.0,
142.0,Nick Chubb,30.0,HOU,RB,3.0,3.0,7.0,5.0,31.0,6.2,0.0,1.0,28.6,27.0,1.7,10.3,71.4,4.4,0.0,
143.0,Chimere Dike,24.0,TEN,WR,3.0,1.0,10.0,5.0,1.0,0.2,0.0,0.0,10.0,8.0,1.7,0.3,50.0,0.1,0.0,
144.0,Jahan Dotson,25.0,PHI,WR,3.0,1.0,7.0,5.0,70.0,14.0,0.0,1.0,42.9,51.0,1.7,23.3,71.4,10.0,0.0,
145.0,Demario Douglas,25.0,NWE,WR,3.0,0.0,13.0,5.0,13.0,2.6,1.0,1.0,23.1,8.0,1.7,4.3,38.5,1.0,0.0,
146.0,Austin Ekeler,30.0,WAS,RB,2.0,2.0,7.0,5.0,38.0,7.6,0.0,2.0,42.9,15.0,2.5,19.0,71.4,5.4,0.0,
147.0,Travis Etienne,26.0,JAX,RB,3.0,3.0,8.0,5.0,31.0,6.2,1.0,2.0,37.5,11.0,1.7,10.3,62.5,3.9,0.0,
148.0,Oronde Gadsden II,22.0,LAC,TE,1.0,0.0,7.0,5.0,46.0,9.2,0.0,3.0,71.4,17.0,5.0,46.0,71.4,6.6,0.0,
149.0,Mike Gesicki,30.0,CIN,TE,3.0,1.0,10.0,5.0,38.0,7.6,0.0,2.0,40.0,14.0,1.7,12.7,50.0,3.8,0.0,
150.0,Noah Gray,26.0,KAN,TE,3.0,1.0,12.0,5.0,21.0,4.2,0.0,1.0,8.3,10.0,1.7,7.0,41.7,1.8,0.0,
151.0,RJ Harvey,24.0,DEN,RB,3.0,1.0,6.0,5.0,29.0,5.8,0.0,1.0,16.7,16.0,1.7,9.7,83.3,4.8,0.0,
152.0,DeAndre Hopkins,33.0,BAL,WR,3.0,0.0,6.0,5.0,112.0,22.4,2.0,4.0,66.7,41.0,1.7,37.3,83.3,18.7,0.0,
153.0,Tory Horton,23.0,SEA,WR,3.0,0.0,8.0,5.0,64.0,12.8,2.0,2.0,37.5,21.0,1.7,21.3,62.5,8.0,0.0,
154.0,Ashton Jeanty,22.0,LVR,RB,3.0,3.0,6.0,5.0,3.0,0.6,0.0,0.0,16.7,4.0,1.7,1.0,83.3,0.5,0.0,
155.0,Ray-Ray McCloud,29.0,ATL,WR,3.0,1.0,12.0,5.0,71.0,14.2,0.0,4.0,33.3,24.0,1.7,23.7,41.7,5.9,0.0,
156.0,Dont'e Thornton,23.0,LVR,WR,3.0,2.0,12.0,5.0,94.0,18.8,0.0,4.0,41.7,36.0,1.7,31.3,41.7,7.8,0.0,
157.0,Brycen Tremayne,26.0,CAR,WR,3.0,1.0,7.0,5.0,63.0,12.6,0.0,3.0,71.4,26.0,1.7,21.0,71.4,9.0,0.0,
158.0,Kenneth Walker III,25.0,SEA,RB,3.0,3.0,5.0,5.0,29.0,5.8,0.0,1.0,40.0,13.0,1.7,9.7,100.0,5.8,0.0,
159.0,Kyren Williams,25.0,LAR,RB,3.0,3.0,7.0,5.0,35.0,7.0,1.0,2.0,42.9,10.0,1.7,11.7,71.4,5.0,0.0,
160.0,Tyler Badie,25.0,DEN,RB,3.0,0.0,8.0,4.0,35.0,8.8,0.0,1.0,37.5,19.0,1.3,11.7,50.0,4.4,0.0,
161.0,AJ Barner,23.0,SEA,TE,3.0,3.0,6.0,4.0,49.0,12.3,1.0,3.0,50.0,23.0,1.3,16.3,66.7,8.2,0.0,
162.0,Isaiah Bond,21.0,CLE,WR,3.0,1.0,8.0,4.0,27.0,6.8,0.0,1.0,37.5,17.0,1.3,9.0,50.0,3.4,0.0,
163.0,Chris Brooks,25.0,GNB,RB,3.0,0.0,5.0,4.0,29.0,7.3,0.0,0.0,0.0,16.0,1.3,9.7,80.0,5.8,0.0,
164.0,J.K. Dobbins,27.0,DEN,RB,3.0,2.0,6.0,4.0,14.0,3.5,0.0,0.0,16.7,9.0,1.3,4.7,66.7,2.3,0.0,
165.0,Greg Dortch,27.0,ARI,WR,3.0,0.0,4.0,4.0,12.0,3.0,0.0,0.0,0.0,11.0,1.3,4.0,100.0,3.0,0.0,
166.0,Rico Dowdle,27.0,CAR,RB,3.0,0.0,5.0,4.0,22.0,5.5,0.0,2.0,40.0,10.0,1.3,7.3,80.0,4.4,0.0,
167.0,Evan Engram,31.0,DEN,TE,2.0,0.0,6.0,4.0,33.0,8.3,0.0,2.0,50.0,12.0,2.0,16.5,66.7,5.5,0.0,
168.0,Tyler Higbee,32.0,LAR,TE,3.0,3.0,6.0,4.0,37.0,9.3,0.0,2.0,50.0,20.0,1.3,12.3,66.7,6.2,0.0,
169.0,Elijah Higgins,25.0,ARI,TE,3.0,1.0,6.0,4.0,55.0,13.8,0.0,3.0,50.0,27.0,1.3,18.3,66.7,9.2,0.0,
170.0,Jayden Higgins,23.0,HOU,WR,3.0,2.0,5.0,4.0,65.0,16.3,0.0,3.0,60.0,28.0,1.3,21.7,80.0,13.0,0.0,
171.0,Kareem Hunt,30.0,KAN,RB,3.0,0.0,5.0,4.0,23.0,5.8,0.0,2.0,40.0,10.0,1.3,7.7,80.0,4.6,1.0,
172.0,Tyler Johnson,27.0,NYJ,WR,3.0,2.0,6.0,4.0,63.0,15.8,0.0,3.0,66.7,24.0,1.3,21.0,66.7,10.5,0.0,
173.0,Quinshon Judkins,22.0,CLE,RB,2.0,2.0,5.0,4.0,11.0,2.8,0.0,0.0,20.0,11.0,2.0,5.5,80.0,2.2,0.0,
174.0,Kyle Juszczyk,34.0,SFO,FB,3.0,3.0,4.0,4.0,38.0,9.5,1.0,2.0,100.0,25.0,1.3,12.7,100.0,9.5,0.0,
175.0,George Kittle,32.0,SFO,TE,1.0,1.0,4.0,4.0,25.0,6.3,1.0,3.0,75.0,11.0,4.0,25.0,100.0,6.3,0.0,
176.0,Cole Kmet,26.0,CHI,TE,3.0,3.0,7.0,4.0,70.0,17.5,1.0,4.0,57.1,31.0,1.3,23.3,57.1,10.0,0.0,
177.0,Dawson Knox,29.0,BUF,TE,3.0,3.0,7.0,4.0,39.0,9.8,0.0,3.0,57.1,12.0,1.3,13.0,57.1,5.6,0.0,
178.0,Xavier Legette,24.0,CAR,WR,2.0,2.0,15.0,4.0,8.0,2.0,0.0,0.0,6.7,9.0,2.0,4.0,26.7,0.5,0.0,
179.0,Luke McCaffrey,24.0,WAS,WR,3.0,0.0,4.0,4.0,75.0,18.8,1.0,2.0,100.0,43.0,1.3,25.0,100.0,18.8,0.0,
180.0,Adonai Mitchell,23.0,IND,WR,3.0,0.0,8.0,4.0,41.0,10.3,0.0,1.0,37.5,18.0,1.3,13.7,50.0,5.1,0.0,
181.0,Elijah Moore,25.0,BUF,WR,3.0,1.0,5.0,4.0,64.0,16.0,0.0,2.0,40.0,31.0,1.3,21.3,80.0,12.8,0.0,
182.0,Isiah Pacheco,26.0,KAN,RB,3.0,3.0,6.0,4.0,13.0,3.3,0.0,0.0,33.3,7.0,1.3,4.3,66.7,2.2,0.0,
183.0,Kalif Raymond,31.0,DET,WR,3.0,1.0,6.0,4.0,34.0,8.5,0.0,2.0,66.7,14.0,1.3,11.3,66.7,5.7,0.0,
184.0,Cade Stover,25.0,HOU,TE,1.0,1.0,4.0,4.0,22.0,5.5,0.0,1.0,50.0,10.0,4.0,22.0,100.0,5.5,0.0,
185.0,Jamari Thrash,25.0,CLE,WR,3.0,0.0,5.0,4.0,18.0,4.5,0.0,1.0,60.0,6.0,1.3,6.0,80.0,3.6,0.0,
186.0,Adam Trautman,28.0,DEN,TE,3.0,2.0,4.0,4.0,15.0,3.8,1.0,2.0,75.0,7.0,1.3,5.0,100.0,3.8,0.0,
187.0,Rachaad White,26.0,TAM,RB,3.0,0.0,4.0,4.0,5.0,1.3,0.0,0.0,0.0,2.0,1.3,1.7,100.0,1.3,0.0,
188.0,Jordan Whittington,25.0,LAR,WR,3.0,1.0,5.0,4.0,49.0,12.3,0.0,1.0,40.0,40.0,1.3,16.3,80.0,9.8,0.0,
189.0,Davis Allen,24.0,LAR,TE,3.0,0.0,4.0,3.0,24.0,8.0,2.0,2.0,75.0,13.0,1.0,8.0,75.0,6.0,0.0,
190.0,Elijah Arroyo,22.0,SEA,TE,3.0,1.0,5.0,3.0,38.0,12.7,0.0,1.0,60.0,24.0,1.0,12.7,60.0,7.6,0.0,
191.0,Noah Brown,29.0,WAS,WR,2.0,2.0,7.0,3.0,36.0,12.0,0.0,1.0,42.9,18.0,1.5,18.0,42.9,5.1,0.0,
192.0,Tanner Conner,27.0,MIA,TE,3.0,0.0,6.0,3.0,33.0,11.0,0.0,2.0,50.0,14.0,1.0,11.0,50.0,5.5,0.0,
193.0,Luke Farrell,28.0,SFO,TE,3.0,1.0,4.0,3.0,19.0,6.3,1.0,2.0,75.0,11.0,1.0,6.3,75.0,4.8,0.0,
194.0,John FitzPatrick,25.0,GNB,TE,3.0,0.0,3.0,3.0,14.0,4.7,1.0,1.0,66.7,9.0,1.0,4.7,100.0,4.7,0.0,
195.0,Najee Harris,27.0,LAC,RB,3.0,0.0,3.0,3.0,25.0,8.3,0.0,1.0,66.7,11.0,1.0,8.3,100.0,8.3,0.0,
196.0,Tre Harris,23.0,LAC,WR,3.0,0.0,5.0,3.0,45.0,15.0,0.0,2.0,40.0,24.0,1.0,15.0,60.0,9.0,0.0,
197.0,Jackson Hawes,25.0,BUF,TE,3.0,0.0,3.0,3.0,39.0,13.0,1.0,2.0,100.0,29.0,1.0,13.0,100.0,13.0,0.0,
198.0,Alec Ingold,29.0,MIA,FB,3.0,2.0,4.0,3.0,14.0,4.7,0.0,2.0,50.0,9.0,1.0,4.7,75.0,3.5,0.0,
199.0,Van Jefferson,29.0,TEN,WR,3.0,0.0,3.0,3.0,18.0,6.0,0.0,2.0,100.0,8.0,1.0,6.0,100.0,6.0,0.0,
200.0,Aaron Jones,31.0,MIN,RB,2.0,2.0,4.0,3.0,44.0,14.7,1.0,2.0,75.0,27.0,1.5,22.0,75.0,11.0,0.0,
201.0,Zay Jones,30.0,ARI,WR,3.0,0.0,4.0,3.0,29.0,9.7,0.0,1.0,50.0,18.0,1.0,9.7,75.0,7.3,0.0,
202.0,Christian Kirk,29.0,HOU,WR,1.0,1.0,8.0,3.0,25.0,8.3,0.0,2.0,25.0,13.0,3.0,25.0,37.5,3.1,0.0,
203.0,Jaylin Lane,23.0,WAS,WR,3.0,0.0,8.0,3.0,11.0,3.7,0.0,1.0,12.5,11.0,1.0,3.7,37.5,1.4,0.0,
204.0,Hunter Long,27.0,JAX,TE,3.0,0.0,4.0,3.0,18.0,6.0,1.0,1.0,50.0,7.0,1.0,6.0,75.0,4.5,0.0,
205.0,Colston Loveland,21.0,CHI,TE,3.0,2.0,6.0,3.0,43.0,14.3,0.0,1.0,33.3,31.0,1.0,14.3,50.0,7.2,0.0,
206.0,Jordan Mason,26.0,MIN,RB,3.0,1.0,4.0,3.0,15.0,5.0,0.0,0.0,25.0,7.0,1.0,5.0,75.0,3.8,0.0,
207.0,Kendre Miller,23.0,NOR,RB,3.0,0.0,3.0,3.0,11.0,3.7,0.0,0.0,0.0,5.0,1.0,3.7,100.0,3.7,0.0,
208.0,Kyle Monangai,23.0,CHI,RB,3.0,0.0,5.0,3.0,23.0,7.7,0.0,1.0,40.0,11.0,1.0,7.7,60.0,4.6,0.0,
209.0,Chris Moore,32.0,WAS,WR,2.0,0.0,3.0,3.0,59.0,19.7,0.0,3.0,100.0,34.0,1.5,29.5,100.0,19.7,0.0,
210.0,Luke Musgrave,25.0,GNB,TE,3.0,1.0,3.0,3.0,36.0,12.0,0.0,2.0,100.0,23.0,1.0,12.0,100.0,12.0,0.0,
211.0,Cade Otton,26.0,TAM,TE,3.0,3.0,7.0,3.0,25.0,8.3,0.0,1.0,42.9,12.0,1.0,8.3,42.9,3.6,0.0,
212.0,Tony Pollard,28.0,TEN,RB,3.0,3.0,6.0,3.0,43.0,14.3,0.0,1.0,33.3,29.0,1.0,14.3,50.0,7.2,1.0,
213.0,Jayden Reed,25.0,GNB,WR,2.0,1.0,5.0,3.0,45.0,15.0,1.0,2.0,40.0,26.0,1.5,22.5,60.0,9.0,0.0,
214.0,Tip Reiman,24.0,ARI,TE,2.0,2.0,4.0,3.0,18.0,6.0,0.0,1.0,50.0,10.0,1.5,9.0,75.0,4.5,0.0,
215.0,Jeremy Ruckert,25.0,NYJ,TE,3.0,3.0,3.0,3.0,21.0,7.0,1.0,3.0,100.0,12.0,1.0,7.0,100.0,7.0,0.0,
216.0,Drew Sample,29.0,CIN,TE,3.0,2.0,6.0,3.0,27.0,9.0,1.0,2.0,33.3,16.0,1.0,9.0,50.0,4.5,0.0,
217.0,Arian Smith,24.0,NYJ,WR,3.0,1.0,4.0,3.0,10.0,3.3,0.0,2.0,50.0,8.0,1.0,3.3,75.0,2.5,0.0,
218.0,Devontez Walker,24.0,BAL,WR,3.0,1.0,3.0,3.0,60.0,20.0,2.0,3.0,100.0,34.0,1.0,20.0,100.0,20.0,0.0,
219.0,Casey Washington,24.0,ATL,WR,1.0,1.0,6.0,3.0,33.0,11.0,0.0,3.0,50.0,19.0,3.0,33.0,50.0,5.5,0.0,
220.0,Justin Watson,29.0,HOU,WR,2.0,0.0,4.0,3.0,30.0,10.0,0.0,1.0,50.0,15.0,1.5,15.0,75.0,7.5,0.0,
221.0,Nick Westbrook-Ikhine,28.0,MIA,WR,3.0,0.0,5.0,3.0,25.0,8.3,0.0,3.0,60.0,11.0,1.0,8.3,60.0,5.0,0.0,
222.0,Zamir White,26.0,LVR,RB,3.0,0.0,5.0,3.0,19.0,6.3,0.0,0.0,40.0,9.0,1.0,6.3,60.0,3.8,0.0,
223.0,Michael Wilson,25.0,ARI,WR,3.0,2.0,8.0,3.0,21.0,7.0,1.0,3.0,37.5,11.0,1.0,7.0,37.5,2.6,0.0,
224.0,Brock Wright,27.0,DET,TE,3.0,1.0,3.0,3.0,28.0,9.3,1.0,2.0,100.0,12.0,1.0,9.3,100.0,9.3,0.0,
225.0,Mo Alie-Cox,32.0,IND,TE,3.0,1.0,2.0,2.0,28.0,14.0,0.0,1.0,100.0,20.0,0.7,9.3,100.0,14.0,0.0,
226.0,Braelon Allen,21.0,NYJ,RB,3.0,0.0,3.0,2.0,17.0,8.5,0.0,1.0,66.7,12.0,0.7,5.7,66.7,5.7,0.0,
227.0,LeQuint Allen,21.0,JAX,RB,3.0,0.0,2.0,2.0,13.0,6.5,0.0,0.0,0.0,9.0,0.7,4.3,100.0,6.5,0.0,
228.0,Tyler Allgeier,25.0,ATL,RB,3.0,1.0,3.0,2.0,4.0,2.0,0.0,0.0,33.3,4.0,0.7,1.3,66.7,1.3,0.0,
229.0,Jack Bech,23.0,LVR,WR,3.0,0.0,2.0,2.0,33.0,16.5,0.0,2.0,100.0,23.0,0.7,11.0,100.0,16.5,0.0,
230.0,Daniel Bellinger,25.0,NYG,TE,3.0,0.0,2.0,2.0,20.0,10.0,0.0,1.0,100.0,14.0,0.7,6.7,100.0,10.0,0.0,
231.0,Pat Bryant,23.0,DEN,WR,3.0,0.0,3.0,2.0,18.0,9.0,0.0,2.0,66.7,12.0,0.7,6.0,66.7,6.0,0.0,
232.0,Tyler Conklin,30.0,LAC,TE,3.0,3.0,4.0,2.0,50.0,25.0,0.0,2.0,50.0,33.0,0.7,16.7,50.0,12.5,1.0,
233.0,Will Dissly,29.0,LAC,TE,2.0,1.0,2.0,2.0,25.0,12.5,0.0,1.0,100.0,18.0,1.0,12.5,100.0,12.5,0.0,
234.0,D'Wayne Eskridge,28.0,MIA,WR,3.0,0.0,3.0,2.0,17.0,8.5,0.0,1.0,33.3,9.0,0.7,5.7,66.7,5.7,0.0,
235.0,Mitchell Evans,22.0,CAR,TE,3.0,0.0,2.0,2.0,18.0,9.0,0.0,0.0,100.0,9.0,0.7,6.0,100.0,9.0,0.0,
236.0,Ryan Flournoy,26.0,DAL,WR,3.0,0.0,3.0,2.0,21.0,10.5,0.0,1.0,66.7,11.0,0.7,7.0,66.7,7.0,0.0,
237.0,Ollie Gordon,21.0,MIA,RB,3.0,0.0,2.0,2.0,4.0,2.0,0.0,0.0,0.0,5.0,0.7,1.3,100.0,2.0,0.0,
238.0,Kylen Granson,27.0,PHI,TE,3.0,1.0,2.0,2.0,6.0,3.0,0.0,1.0,50.0,5.0,0.7,2.0,100.0,3.0,0.0,
239.0,Derrick Henry,31.0,BAL,RB,3.0,3.0,2.0,2.0,20.0,10.0,0.0,1.0,100.0,13.0,0.7,6.7,100.0,10.0,3.0,
240.0,George Holani,26.0,SEA,RB,3.0,0.0,2.0,2.0,15.0,7.5,0.0,1.0,50.0,11.0,0.7,5.0,100.0,7.5,1.0,
241.0,Charlie Kolar,26.0,BAL,TE,3.0,2.0,3.0,2.0,22.0,11.0,0.0,1.0,66.7,15.0,0.7,7.3,66.7,7.3,0.0,
242.0,Lucas Krull,27.0,DEN,TE,3.0,3.0,4.0,2.0,15.0,7.5,0.0,0.0,25.0,9.0,0.7,5.0,50.0,3.8,0.0,
243.0,Dylan Laube,26.0,LVR,RB,3.0,0.0,3.0,2.0,17.0,8.5,0.0,1.0,66.7,13.0,0.7,5.7,66.7,5.7,0.0,
244.0,Allen Lazard,30.0,NYJ,WR,2.0,0.0,3.0,2.0,13.0,6.5,1.0,1.0,33.3,9.0,1.0,6.5,66.7,4.3,0.0,
245.0,Woody Marks,25.0,HOU,RB,3.0,0.0,3.0,2.0,46.0,23.0,0.0,1.0,66.7,37.0,0.7,15.3,66.7,15.3,0.0,
246.0,John Metchie,25.0,PHI,WR,3.0,0.0,2.0,2.0,8.0,4.0,0.0,1.0,50.0,8.0,0.7,2.7,100.0,4.0,0.0,
247.0,Jaylin Noel,23.0,HOU,WR,3.0,0.0,3.0,2.0,11.0,5.5,0.0,0.0,0.0,7.0,0.7,3.7,66.7,3.7,0.0,
248.0,Dare Ogunbowale,31.0,HOU,RB,3.0,0.0,2.0,2.0,17.0,8.5,0.0,1.0,50.0,16.0,0.7,5.7,100.0,8.5,1.0,
249.0,Josh Oliver,28.0,MIN,TE,3.0,1.0,2.0,2.0,17.0,8.5,1.0,1.0,100.0,12.0,0.7,5.7,100.0,8.5,0.0,
250.0,Colby Parkinson,26.0,LAR,TE,2.0,0.0,2.0,2.0,-6.0,-3.0,0.0,0.0,0.0,1.0,1.0,-3.0,100.0,-3.0,1.0,
251.0,Samaje Perine,30.0,CIN,RB,3.0,0.0,2.0,2.0,6.0,3.0,0.0,1.0,50.0,5.0,0.7,2.0,100.0,3.0,1.0,
252.0,Josh Reynolds,30.0,NYJ,WR,1.0,1.0,3.0,2.0,18.0,9.0,0.0,0.0,66.7,13.0,2.0,18.0,66.7,6.0,0.0,
253.0,Brian Robinson Jr.,26.0,SFO,RB,3.0,0.0,3.0,2.0,3.0,1.5,0.0,0.0,33.3,4.0,0.7,1.0,66.7,1.0,0.0,
254.0,Tyrell Shavers,26.0,BUF,WR,3.0,0.0,4.0,2.0,24.0,12.0,0.0,2.0,50.0,17.0,0.7,8.0,50.0,6.0,0.0,
255.0,Trent Sherfield,29.0,DEN,WR,3.0,0.0,2.0,2.0,6.0,3.0,0.0,0.0,0.0,3.0,0.7,2.0,100.0,3.0,0.0,
256.0,Jack Stoll,27.0,NOR,TE,3.0,2.0,3.0,2.0,21.0,10.5,1.0,1.0,66.7,13.0,0.7,7.0,66.7,7.0,0.0,
257.0,Isaac TeSlaa,23.0,DET,WR,3.0,1.0,4.0,2.0,42.0,21.0,1.0,2.0,50.0,29.0,0.7,14.0,50.0,10.5,0.0,
258.0,Adam Thielen,35.0,MIN,WR,3.0,2.0,6.0,2.0,26.0,13.0,0.0,2.0,33.3,19.0,0.7,8.7,33.3,4.3,0.0,
259.0,Bhayshul Tuten,23.0,JAX,RB,3.0,0.0,3.0,2.0,32.0,16.0,1.0,2.0,66.7,24.0,0.7,10.7,66.7,10.7,0.0,
260.0,Devaughn Vele,28.0,NOR,WR,2.0,1.0,3.0,2.0,16.0,8.0,1.0,2.0,66.7,13.0,1.0,8.0,66.7,5.3,0.0,
261.0,Tylan Wallace,26.0,BAL,WR,3.0,1.0,3.0,2.0,25.0,12.5,1.0,2.0,66.7,15.0,0.7,8.3,66.7,8.3,0.0,
262.0,Kyle Williams,23.0,NWE,WR,3.0,0.0,2.0,2.0,20.0,10.0,0.0,1.0,100.0,12.0,0.7,6.7,100.0,10.0,0.0,
263.0,Tutu Atwell,26.0,LAR,WR,3.0,2.0,3.0,1.0,4.0,4.0,0.0,0.0,33.3,4.0,0.3,1.3,33.3,1.3,0.0,
264.0,Grant Calcaterra,27.0,PHI,TE,3.0,2.0,2.0,1.0,6.0,6.0,0.0,0.0,0.0,6.0,0.3,2.0,50.0,3.0,0.0,
265.0,Blake Corum,25.0,LAR,RB,3.0,0.0,1.0,1.0,14.0,14.0,0.0,0.0,100.0,14.0,0.3,4.7,100.0,14.0,0.0,
266.0,Jacory Croskey-Merritt,24.0,WAS,RB,3.0,0.0,3.0,1.0,5.0,5.0,0.0,0.0,0.0,5.0,0.3,1.7,33.3,1.7,0.0,
267.0,Isaiah Davis,23.0,NYJ,RB,3.0,0.0,3.0,1.0,6.0,6.0,0.0,1.0,33.3,6.0,0.3,2.0,33.3,2.0,0.0,
268.0,Ray Davis,26.0,BUF,RB,3.0,0.0,2.0,1.0,-1.0,-1.0,0.0,0.0,0.0,,0.3,-0.3,50.0,-0.5,0.0,
269.0,Trevor Etienne,21.0,CAR,RB,3.0,0.0,1.0,1.0,2.0,2.0,0.0,0.0,0.0,2.0,0.3,0.7,100.0,2.0,1.0,
270.0,Tai Felton,22.0,MIN,WR,3.0,0.0,1.0,1.0,9.0,9.0,0.0,0.0,0.0,9.0,0.3,3.0,100.0,9.0,0.0,
271.0,Antonio Gibson,27.0,NWE,RB,3.0,0.0,2.0,1.0,1.0,1.0,0.0,0.0,0.0,1.0,0.3,0.3,50.0,0.5,1.0,
272.0,Cam Grandy,25.0,CIN,TE,1.0,0.0,1.0,1.0,6.0,6.0,0.0,0.0,100.0,6.0,1.0,6.0,100.0,6.0,1.0,
273.0,Malik Heath,25.0,GNB,WR,3.0,0.0,1.0,1.0,37.0,37.0,0.0,1.0,100.0,37.0,0.3,12.3,100.0,37.0,0.0,
274.0,Connor Heyward,26.0,PIT,TE,3.0,0.0,1.0,1.0,6.0,6.0,0.0,0.0,100.0,6.0,0.3,2.0,100.0,6.0,0.0,
275.0,Julian Hill,25.0,MIA,TE,3.0,3.0,1.0,1.0,4.0,4.0,0.0,0.0,0.0,4.0,0.3,1.3,100.0,4.0,0.0,
276.0,Andrei Iosivas,26.0,CIN,WR,3.0,1.0,5.0,1.0,12.0,12.0,0.0,1.0,20.0,12.0,0.3,4.0,20.0,2.4,0.0,
277.0,Ty Johnson,28.0,BUF,RB,3.0,0.0,5.0,1.0,8.0,8.0,0.0,1.0,20.0,8.0,0.3,2.7,20.0,1.6,0.0,
278.0,Chris Manhertz,33.0,NYG,TE,3.0,2.0,1.0,1.0,7.0,7.0,0.0,0.0,100.0,7.0,0.3,2.3,100.0,7.0,0.0,
279.0,Drake Maye,23.0,NWE,QB,3.0,3.0,1.0,1.0,2.0,2.0,0.0,0.0,0.0,2.0,0.3,0.7,100.0,2.0,2.0,
280.0,Ryan Miller,25.0,TAM,WR,3.0,1.0,3.0,1.0,20.0,20.0,1.0,1.0,33.3,20.0,0.3,6.7,33.3,6.7,0.0,
281.0,David Moore,30.0,CAR,WR,3.0,1.0,1.0,1.0,5.0,5.0,0.0,0.0,0.0,5.0,0.3,1.7,100.0,5.0,0.0,
282.0,Skyy Moore,25.0,SFO,WR,3.0,0.0,1.0,1.0,10.0,10.0,0.0,1.0,100.0,10.0,0.3,3.3,100.0,10.0,1.0,
283.0,Johnny Mundt,31.0,JAX,TE,3.0,2.0,2.0,1.0,7.0,7.0,0.0,0.0,50.0,7.0,0.3,2.3,50.0,3.5,0.0,
284.0,Bryce Oliver,25.0,TEN,WR,2.0,0.0,1.0,1.0,8.0,8.0,0.0,0.0,100.0,8.0,0.5,4.0,100.0,8.0,0.0,
285.0,Tim Patrick,32.0,JAX,WR,3.0,0.0,2.0,1.0,16.0,16.0,0.0,1.0,50.0,16.0,0.3,5.3,50.0,8.0,0.0,
286.0,Adam Prentice,28.0,DEN,FB,3.0,1.0,1.0,1.0,4.0,4.0,0.0,0.0,0.0,4.0,0.3,1.3,100.0,4.0,0.0,
287.0,Nikko Remigio,26.0,KAN,WR,3.0,0.0,1.0,1.0,21.0,21.0,0.0,1.0,100.0,21.0,0.3,7.0,100.0,21.0,0.0,
288.0,Eric Saubert,31.0,SEA,TE,3.0,0.0,1.0,1.0,12.0,12.0,0.0,1.0,100.0,12.0,0.3,4.0,100.0,12.0,0.0,
289.0,Luke Schoonmaker,27.0,DAL,TE,3.0,1.0,4.0,1.0,5.0,5.0,0.0,0.0,0.0,5.0,0.3,1.7,25.0,1.3,0.0,
290.0,Zavier Scott,26.0,MIN,RB,2.0,0.0,1.0,1.0,20.0,20.0,0.0,1.0,100.0,20.0,0.5,10.0,100.0,20.0,1.0,
291.0,David Sills V,29.0,ATL,WR,3.0,0.0,2.0,1.0,9.0,9.0,0.0,0.0,50.0,9.0,0.3,3.0,50.0,4.5,0.0,
292.0,Devin Singletary,28.0,NYG,RB,3.0,1.0,1.0,1.0,-4.0,-4.0,0.0,0.0,0.0,,0.3,-1.3,100.0,-4.0,0.0,
293.0,Ben Sinnott,23.0,WAS,TE,3.0,1.0,1.0,1.0,7.0,7.0,0.0,0.0,100.0,7.0,0.3,2.3,100.0,7.0,0.0,
294.0,Ben Skowronek,28.0,PIT,WR,3.0,1.0,1.0,1.0,22.0,22.0,1.0,1.0,100.0,22.0,0.3,7.3,100.0,22.0,0.0,
295.0,Xavier Smith,28.0,LAR,WR,3.0,0.0,1.0,1.0,36.0,36.0,0.0,1.0,100.0,36.0,0.3,12.0,100.0,36.0,0.0,
296.0,Brevyn Spann-Ford,26.0,DAL,TE,3.0,0.0,2.0,1.0,3.0,3.0,0.0,0.0,0.0,3.0,0.3,1.0,50.0,1.5,0.0,
297.0,Mitchell Tinsley,26.0,CIN,WR,3.0,0.0,2.0,1.0,13.0,13.0,1.0,1.0,50.0,13.0,0.3,4.3,50.0,6.5,0.0,
298.0,Marquez Valdes-Scantling,31.0,SFO,WR,3.0,0.0,2.0,1.0,9.0,9.0,0.0,0.0,50.0,9.0,0.3,3.0,50.0,4.5,0.0,
299.0,Savion Williams,24.0,GNB,WR,3.0,0.0,1.0,1.0,1.0,1.0,0.0,0.0,0.0,1.0,0.3,0.3,100.0,1.0,0.0,
300.0,Roman Wilson,24.0,PIT,WR,3.0,1.0,2.0,1.0,7.0,7.0,0.0,0.0,0.0,7.0,0.3,2.3,50.0,3.5,0.0,
301.0,Charlie Woerner,28.0,ATL,TE,3.0,1.0,1.0,1.0,-5.0,-5.0,0.0,0.0,0.0,-5.0,0.3,-1.7,100.0,-5.0,0.0,
302.0,Dareke Young,26.0,SEA,WR,2.0,0.0,1.0,1.0,12.0,12.0,0.0,1.0,100.0,12.0,0.5,6.0,100.0,12.0,0.0,
303.0,Cam Akers,26.0,MIN,RB,1.0,0.0,1.0,0.0,0.0,,0.0,0.0,0.0,,0.0,0.0,0.0,0.0,0.0,
304.0,Rasheen Ali,24.0,BAL,RB,3.0,0.0,0.0,0.0,0.0,,0.0,0.0,,,0.0,0.0,,,0.0,
305.0,Josh Allen,29.0,BUF,QB,3.0,3.0,0.0,0.0,0.0,,0.0,0.0,,,0.0,0.0,,,1.0,
306.0,Kevin Austin,25.0,NOR,WR,1.0,0.0,1.0,0.0,0.0,,0.0,0.0,0.0,,0.0,0.0,0.0,0.0,0.0,
307.0,Alex Bachman,29.0,LVR,WR,2.0,0.0,1.0,0.0,0.0,,0.0,0.0,0.0,,0.0,0.0,0.0,0.0,0.0,
308.0,Tyson Bagent,25.0,CHI,QB,1.0,0.0,0.0,0.0,0.0,,0.0,0.0,,,0.0,0.0,,,1.0,
309.0,Ulysses Bentley,25.0,IND,RB,1.0,0.0,0.0,0.0,0.0,,0.0,0.0,,,0.0,0.0,,,0.0,
310.0,Tank Bigsby,24.0,JAX,RB,1.0,0.0,0.0,0.0,0.0,,0.0,0.0,,,0.0,0.0,,,0.0,
311.0,Jacoby Brissett,33.0,ARI,QB,1.0,0.0,0.0,0.0,0.0,,0.0,0.0,,,0.0,0.0,,,0.0,
312.0,Tahj Brooks,23.0,CIN,RB,3.0,0.0,0.0,0.0,0.0,,0.0,0.0,,,0.0,0.0,,,0.0,
313.0,Jake Browning,29.0,CIN,QB,2.0,1.0,0.0,0.0,0.0,,0.0,0.0,,,0.0,0.0,,,0.0,
314.0,Jason Brownlee,26.0,KAN,WR,3.0,0.0,1.0,0.0,0.0,,0.0,0.0,0.0,,0.0,0.0,0.0,0.0,0.0,
315.0,Harrison Bryant,27.0,HOU,TE,2.0,1.0,1.0,0.0,0.0,,0.0,0.0,0.0,,0.0,0.0,0.0,0.0,0.0,
316.0,Joe Burrow,29.0,CIN,QB,2.0,2.0,0.0,0.0,0.0,,0.0,0.0,,,0.0,0.0,,,0.0,
317.0,Nathan Carter,23.0,ATL,RB,2.0,0.0,0.0,0.0,0.0,,0.0,0.0,,,0.0,0.0,,,1.0,
318.0,Zach Charbonnet,24.0,SEA,RB,2.0,0.0,0.0,0.0,0.0,,0.0,0.0,,,0.0,0.0,,,0.0,
319.0,Julius Chestnut,25.0,TEN,RB,3.0,0.0,0.0,0.0,0.0,,0.0,0.0,,,0.0,0.0,,,0.0,
320.0,Andy Dalton,38.0,CAR,QB,1.0,0.0,0.0,0.0,0.0,,0.0,0.0,,,0.0,0.0,,,0.0,
321.0,Jayden Daniels,25.0,WAS,QB,2.0,2.0,0.0,0.0,0.0,,0.0,0.0,,,0.0,0.0,,,0.0,
322.0,Sam Darnold,28.0,SEA,QB,3.0,3.0,0.0,0.0,0.0,,0.0,0.0,,,0.0,0.0,,,1.0,
323.0,Jaxson Dart,22.0,NYG,QB,2.0,0.0,0.0,0.0,0.0,,0.0,0.0,,,0.0,0.0,,,0.0,
324.0,Derius Davis,25.0,LAC,WR,3.0,0.0,0.0,0.0,0.0,,0.0,0.0,,,0.0,0.0,,,1.0,
325.0,Emari Demercado,26.0,ARI,RB,3.0,0.0,1.0,0.0,0.0,,0.0,0.0,0.0,,0.0,0.0,0.0,0.0,0.0,
326.0,AJ Dillon,27.0,PHI,RB,3.0,0.0,0.0,0.0,0.0,,0.0,0.0,,,0.0,0.0,,,0.0,
327.0,Ashton Dulin,28.0,IND,WR,3.0,0.0,0.0,0.0,0.0,,0.0,0.0,,,0.0,0.0,,,0.0,
328.0,Payne Durham,25.0,TAM,TE,3.0,1.0,1.0,0.0,0.0,,0.0,0.0,0.0,,0.0,0.0,0.0,0.0,0.0,
329.0,Justin Fields,26.0,NYJ,QB,2.0,2.0,0.0,0.0,0.0,,0.0,0.0,,,0.0,0.0,,,2.0,
330.0,Tucker Fisk,26.0,LAC,TE,1.0,1.0,1.0,0.0,0.0,,0.0,0.0,0.0,,0.0,0.0,0.0,0.0,0.0,
331.0,Joe Flacco,40.0,CLE,QB,3.0,3.0,0.0,0.0,0.0,,0.0,0.0,,,0.0,0.0,,,1.0,
332.0,DJ Giddens,22.0,IND,RB,3.0,0.0,1.0,0.0,0.0,,0.0,0.0,0.0,,0.0,0.0,0.0,0.0,0.0,
333.0,Jared Goff,31.0,DET,QB,3.0,3.0,0.0,0.0,0.0,,0.0,0.0,,,0.0,0.0,,,1.0,
334.0,Tyler Goodson,25.0,IND,RB,1.0,0.0,0.0,0.0,0.0,,0.0,0.0,,,0.0,0.0,,,0.0,
335.0,Justin Herbert,27.0,LAC,QB,3.0,3.0,0.0,0.0,0.0,,0.0,0.0,,,0.0,0.0,,,2.0,
336.0,KhaDarel Hodge,30.0,ATL,WR,3.0,0.0,1.0,0.0,0.0,,0.0,0.0,0.0,,0.0,0.0,0.0,0.0,0.0,
337.0,Jalen Hurts,27.0,PHI,QB,3.0,3.0,0.0,0.0,0.0,,0.0,0.0,,,0.0,0.0,,,2.0,
338.0,Lamar Jackson,28.0,BAL,QB,3.0,3.0,0.0,0.0,0.0,,0.0,0.0,,,0.0,0.0,,,1.0,
339.0,Kaleb Johnson,22.0,PIT,RB,2.0,0.0,0.0,0.0,0.0,,0.0,0.0,,,0.0,0.0,,,1.0,
340.0,Tez Johnson,23.0,TAM,WR,2.0,0.0,2.0,0.0,0.0,,0.0,0.0,0.0,,0.0,0.0,0.0,0.0,0.0,
341.0,Daniel Jones,28.0,IND,QB,3.0,3.0,0.0,0.0,0.0,,0.0,0.0,,,0.0,0.0,,,0.0,
342.0,Mac Jones,27.0,SFO,QB,2.0,2.0,0.0,0.0,0.0,,0.0,0.0,,,0.0,0.0,,,2.0,
343.0,KeAndre Lambert-Smith,24.0,LAC,WR,2.0,0.0,1.0,0.0,0.0,,0.0,0.0,0.0,,0.0,0.0,0.0,0.0,0.0,
344.0,Trevor Lawrence,26.0,JAX,QB,3.0,3.0,0.0,0.0,0.0,,0.0,0.0,,,0.0,0.0,,,1.0,
345.0,Drew Lock,29.0,SEA,QB,1.0,0.0,0.0,0.0,0.0,,0.0,0.0,,,0.0,0.0,,,0.0,
346.0,Jordan Love,27.0,GNB,QB,3.0,3.0,0.0,0.0,0.0,,0.0,0.0,,,0.0,0.0,,,0.0,
347.0,Patrick Mahomes,30.0,KAN,QB,3.0,3.0,0.0,0.0,0.0,,0.0,0.0,,,0.0,0.0,,,2.0,
348.0,Marcus Mariota,32.0,WAS,QB,1.0,1.0,0.0,0.0,0.0,,0.0,0.0,,,0.0,0.0,,,1.0,
349.0,Baker Mayfield,30.0,TAM,QB,3.0,3.0,0.0,0.0,0.0,,0.0,0.0,,,0.0,0.0,,,2.0,
350.0,J.J. McCarthy,22.0,MIN,QB,2.0,2.0,0.0,0.0,0.0,,0.0,0.0,,,0.0,0.0,,,3.0,
351.0,Jeremy McNichols,30.0,WAS,RB,3.0,0.0,0.0,0.0,0.0,,0.0,0.0,,,0.0,0.0,,,0.0,
352.0,Jalen Milroe,23.0,SEA,QB,2.0,0.0,0.0,0.0,0.0,,0.0,0.0,,,0.0,0.0,,,0.0,
353.0,Zaire Mitchell-Paden,26.0,BAL,TE,3.0,0.0,1.0,0.0,0.0,,0.0,0.0,0.0,,0.0,0.0,0.0,0.0,0.0,
354.0,Kyler Murray,28.0,ARI,QB,3.0,3.0,0.0,0.0,0.0,,0.0,0.0,,,0.0,0.0,,,0.0,
355.0,Devin Neal,22.0,NOR,RB,1.0,0.0,0.0,0.0,0.0,,0.0,0.0,,,0.0,0.0,,,0.0,
356.0,Bo Nix,25.0,DEN,QB,3.0,3.0,0.0,0.0,0.0,,0.0,0.0,,,0.0,0.0,,,1.0,
357.0,Michael Penix,25.0,ATL,QB,3.0,3.0,0.0,0.0,0.0,,0.0,0.0,,,0.0,0.0,,,1.0,
358.0,Dameon Pierce,25.0,HOU,RB,1.0,0.0,1.0,0.0,0.0,,0.0,0.0,0.0,,0.0,0.0,0.0,0.0,0.0,
359.0,Dak Prescott,32.0,DAL,QB,3.0,3.0,0.0,0.0,0.0,,0.0,0.0,,,0.0,0.0,,,1.0,
360.0,Brock Purdy,26.0,SFO,QB,1.0,1.0,0.0,0.0,0.0,,0.0,0.0,,,0.0,0.0,,,0.0,
361.0,Spencer Rattler,25.0,NOR,QB,3.0,3.0,0.0,0.0,0.0,,0.0,0.0,,,0.0,0.0,,,1.0,
362.0,Craig Reynolds,29.0,DET,RB,2.0,0.0,0.0,0.0,0.0,,0.0,0.0,,,0.0,0.0,,,0.0,
363.0,Anthony Richardson,23.0,IND,QB,1.0,0.0,0.0,0.0,0.0,,0.0,0.0,,,0.0,0.0,,,0.0,
364.0,Aaron Rodgers,42.0,PIT,QB,3.0,3.0,0.0,0.0,0.0,,0.0,0.0,,,0.0,0.0,,,0.0,
365.0,Chris Rodriguez,25.0,WAS,RB,1.0,1.0,0.0,0.0,0.0,,0.0,0.0,,,0.0,0.0,,,0.0,
366.0,Cooper Rush,32.0,BAL,QB,1.0,0.0,0.0,0.0,0.0,,0.0,0.0,,,0.0,0.0,,,0.0,
367.0,Raheim Sanders,23.0,CLE,RB,1.0,0.0,0.0,0.0,0.0,,0.0,0.0,,,0.0,0.0,,,0.0,
368.0,Will Shipley,23.0,PHI,RB,1.0,0.0,0.0,0.0,0.0,,0.0,0.0,,,0.0,0.0,,,0.0,
369.0,Brashard Smith,22.0,KAN,RB,3.0,0.0,2.0,0.0,0.0,,0.0,0.0,0.0,,0.0,0.0,0.0,0.0,0.0,
370.0,Geno Smith,35.0,LVR,QB,3.0,3.0,0.0,0.0,0.0,,0.0,0.0,,,0.0,0.0,,,0.0,
371.0,Matthew Stafford,37.0,LAR,QB,3.0,3.0,0.0,0.0,0.0,,0.0,0.0,,,0.0,0.0,,,2.0,
372.0,C.J. Stroud,24.0,HOU,QB,3.0,3.0,0.0,0.0,0.0,,0.0,0.0,,,0.0,0.0,,,0.0,
373.0,Tua Tagovailoa,27.0,MIA,QB,3.0,3.0,0.0,0.0,0.0,,0.0,0.0,,,0.0,0.0,,,2.0,
374.0,Tyrod Taylor,36.0,NYJ,QB,2.0,1.0,0.0,0.0,0.0,,0.0,0.0,,,0.0,0.0,,,1.0,
375.0,Mitchell Trubisky,31.0,BUF,QB,1.0,0.0,0.0,0.0,0.0,,0.0,0.0,,,0.0,0.0,,,0.0,
376.0,Sean Tucker,24.0,TAM,RB,3.0,0.0,0.0,0.0,0.0,,0.0,0.0,,,0.0,0.0,,,0.0,
377.0,Cam Ward,23.0,TEN,QB,3.0,3.0,0.0,0.0,0.0,,0.0,0.0,,,0.0,0.0,,,2.0,
378.0,Darnell Washington,24.0,PIT,TE,3.0,2.0,1.0,0.0,0.0,,0.0,0.0,0.0,,0.0,0.0,0.0,0.0,0.0,
379.0,Carson Wentz,33.0,MIN,QB,1.0,1.0,0.0,0.0,0.0,,0.0,0.0,,,0.0,0.0,,,0.0,
380.0,Caleb Williams,24.0,CHI,QB,3.0,3.0,0.0,0.0,0.0,,0.0,0.0,,,0.0,0.0,,,0.0,
381.0,Brayden Willis,26.0,SFO,TE,2.0,0.0,1.0,0.0,0.0,,0.0,0.0,0.0,,0.0,0.0,0.0,0.0,0.0,
382.0,Emanuel Wilson,26.0,GNB,RB,3.0,0.0,0.0,0.0,0.0,,0.0,0.0,,,0.0,0.0,,,0.0,
383.0,Russell Wilson,37.0,NYG,QB,3.0,3.0,0.0,0.0,0.0,,0.0,0.0,,,0.0,0.0,,,2.0,
384.0,Zach Wilson,26.0,MIA,QB,1.0,0.0,0.0,0.0,0.0,,0.0,0.0,,,0.0,0.0,,,0.0,
385.0,Xavier Worthy,22.0,KAN,WR,1.0,1.0,1.0,0.0,0.0,,0.0,0.0,0.0,,0.0,0.0,0.0,0.0,0.0,
386.0,Jacardia Wright,25.0,SEA,RB,1.0,0.0,0.0,0.0,0.0,,0.0,0.0,,,0.0,0.0,,,0.0,
387.0,Luke Wypler,24.0,CLE,C,3.0,0.0,1.0,0.0,0.0,,0.0,0.0,0.0,,0.0,0.0,0.0,0.0,0.0,
388.0,Bryce Young,24.0,CAR,QB,3.0,3.0,0.0,0.0,0.0,,0.0,0.0,,,0.0,0.0,,,2.0,
,League Average,,,,,,,,,,,,50.1,,1.9,20.1,67.9,7.1,,
